epoch,time,train/box_loss,train/cls_loss,train/dfl_loss,metrics/precision(B),metrics/recall(B),metrics/mAP50(B),metrics/mAP50-95(B),val/box_loss,val/cls_loss,val/dfl_loss,lr/pg0,lr/pg1,lr/pg2
1,335.225,0.90494,2.06142,1.48194,0.99182,0.60577,0.97887,0.63634,1.06225,3.00032,1.92183,0.000466199,0.000466199,0.000466199
2,697.797,0.76967,1.13984,1.33227,0.94415,0.98091,0.97361,0.64923,1.32835,1.93546,2.23712,0.000475979,0.000475979,0.000475979
