18:56:51 | INFO    | app.pipeline.runner.run_pipeline | [01_tender_mini_version.pdf] -> ocr
18:56:51 | INFO    | app.pipeline.stages.stage_ocr | [01_tender_mini_version.pdf] OCR data found in cache and using it: C:\Users\hi\Desktop\projects\python_projects\tutorial\play_langchain_llamaindex_langgraph\TenderExtractor_v2\cache\01_tender_mini_version.ocr.json
18:56:51 | INFO    | app.pipeline.runner.run_pipeline | [01_tender_mini_version.pdf] -> extract_nit
18:56:51 | INFO    | app.pipeline.stages.stage_extract_nit_data | [01_tender_mini_version.pdf] Using Extracted NIT data found in cache: C:\Users\hi\Desktop\projects\python_projects\tutorial\play_langchain_llamaindex_langgraph\TenderExtractor_v2\cache\01_tender_mini_version.extracted_nit.json
18:56:51 | INFO    | app.pipeline.runner.run_pipeline | [01_tender_mini_version.pdf] -> validate_nit
18:56:51 | INFO    | app.pipeline.runner.run_pipeline | [01_tender_mini_version.pdf] -> export_nit
18:56:51 | INFO    | app.pipeline.runner.run_pipeline | [01_tender_mini_version.pdf] -> extract_scanned_documents
18:56:51 | INFO    | app.pipeline.stages.stage_extract_scanned_documents_data | [01_tender_mini_version.pdf] Using Extracted 'scanned document' data found in cache: C:\Users\hi\Desktop\projects\python_projects\tutorial\play_langchain_llamaindex_langgraph\TenderExtractor_v2\cache\01_tender_mini_version.scanned_document_requirements.json
18:56:51 | INFO    | app.pipeline.runner.run_pipeline | [01_tender_mini_version.pdf] -> export_scanned_documents
18:56:51 | INFO    | app.pipeline.stages.stage_export_scanned_documents | [01_tender_mini_version.pdf] Wrote documents-to-be-scanned list -> C:\Users\hi\Desktop\projects\python_projects\tutorial\play_langchain_llamaindex_langgraph\TenderExtractor_v2\output\01_tender_mini_version_documents_to_be_scanned.xlsx
18:56:51 | INFO    | app.pipeline.runner.run_pipeline | [01_tender_mini_version.pdf] -> extract_terms_conditions
18:56:51 | INFO    | app.pipeline.stages.stage_extract_terms_conditions_data | [01_tender_mini_version.pdf] Using extracted 'terms and conditions' data found in cache: C:\Users\hi\Desktop\projects\python_projects\tutorial\play_langchain_llamaindex_langgraph\TenderExtractor_v2\cache\01_tender_mini_version.terms_condtions.json
18:56:51 | INFO    | app.pipeline.runner.run_pipeline | [01_tender_mini_version.pdf] -> export_terms_conditions
18:56:51 | INFO    | app.pipeline.stages.stage_export_terms_conditions | [01_tender_mini_version.pdf] Wrote terms & conditions -> C:\Users\hi\Desktop\projects\python_projects\tutorial\play_langchain_llamaindex_langgraph\TenderExtractor_v2\output\01_tender_mini_version_terms_and_conditions.xlsx
18:56:51 | INFO    | app.pipeline.runner.run_pipeline | [01_tender_mini_version.pdf] -> consolidate_all_excels
18:56:51 | INFO    | app.pipeline.stages.stage_consolidate_all_excels | [01_tender_mini_version.pdf] Wrote consolidated excel -> C:\Users\hi\Desktop\projects\python_projects\tutorial\play_langchain_llamaindex_langgraph\TenderExtractor_v2\output\01_tender_mini_version.xlsx
18:56:51 | INFO    | app.pipeline.runner.run_pipeline | [01_tender_mini_version.pdf] -> publish
18:56:51 | INFO    | azure.core.pipeline.policies.http_logging_policy.on_request | Request URL: 'https://storetender.blob.core.windows.net/automation-file-processed?restype=REDACTED'
Request method: 'PUT'
Request headers:
    'x-ms-version': 'REDACTED'
    'Accept': 'application/xml'
    'User-Agent': 'azsdk-python-storage-blob/12.30.0 Python/3.11.9 (Windows-10-10.0.22621-SP0)'
    'x-ms-date': 'REDACTED'
    'x-ms-client-request-id': '25b2d224-94bf-11f1-a322-94c6917cf59f'
    'Authorization': 'REDACTED'
No body was attached to the request
18:56:52 | INFO    | azure.core.pipeline.policies.http_logging_policy.on_response | Response status: 409
Response headers:
    'Content-Length': '230'
    'Content-Type': 'application/xml'
    'Server': 'Windows-Azure-Blob/1.0 Microsoft-HTTPAPI/2.0'
    'x-ms-request-id': 'f4eb4103-801e-0042-1bcb-28475d000000'
    'x-ms-client-request-id': '25b2d224-94bf-11f1-a322-94c6917cf59f'
    'x-ms-version': 'REDACTED'
    'x-ms-error-code': 'ContainerAlreadyExists'
    'Date': 'Mon, 10 Aug 2026 13:26:52 GMT'
18:56:52 | INFO    | azure.core.pipeline.policies.http_logging_policy.on_request | Request URL: 'https://storetender.blob.core.windows.net/automation-file-processed/01_tender_mini_version.xlsx'
Request method: 'PUT'
Request headers:
    'Content-Length': '8418'
    'x-ms-blob-type': 'REDACTED'
    'x-ms-version': 'REDACTED'
    'Content-Type': 'application/octet-stream'
    'Accept': 'application/xml'
    'User-Agent': 'azsdk-python-storage-blob/12.30.0 Python/3.11.9 (Windows-10-10.0.22621-SP0)'
    'x-ms-date': 'REDACTED'
    'x-ms-client-request-id': '2634ff32-94bf-11f1-bc2b-94c6917cf59f'
    'Authorization': 'REDACTED'
A body is sent with the request
18:56:52 | INFO    | azure.core.pipeline.policies.http_logging_policy.on_response | Response status: 201
Response headers:
    'Content-Length': '0'
    'Content-MD5': 'REDACTED'
    'Last-Modified': 'Mon, 10 Aug 2026 13:26:52 GMT'
    'ETag': '"0x8DEF6E30A79396B"'
    'Server': 'Windows-Azure-Blob/1.0 Microsoft-HTTPAPI/2.0'
    'x-ms-request-id': 'f4eb414e-801e-0042-5acb-28475d000000'
    'x-ms-client-request-id': '2634ff32-94bf-11f1-bc2b-94c6917cf59f'
    'x-ms-version': 'REDACTED'
    'x-ms-content-crc64': 'REDACTED'
    'x-ms-request-server-encrypted': 'REDACTED'
    'Date': 'Mon, 10 Aug 2026 13:26:52 GMT'
18:56:52 | INFO    | app.services.blob_storage.upload_file | Uploaded 01_tender_mini_version.xlsx
18:56:52 | INFO    | azure.core.pipeline.policies.http_logging_policy.on_request | Request URL: 'https://storetender.blob.core.windows.net/automation-container/01_tender_mini_version.pdf'
Request method: 'HEAD'
Request headers:
    'x-ms-version': 'REDACTED'
    'Accept': 'application/xml'
    'User-Agent': 'azsdk-python-storage-blob/12.30.0 Python/3.11.9 (Windows-10-10.0.22621-SP0)'
    'x-ms-date': 'REDACTED'
    'x-ms-client-request-id': '263d3c99-94bf-11f1-913c-94c6917cf59f'
    'Authorization': 'REDACTED'
No body was attached to the request
18:56:52 | INFO    | azure.core.pipeline.policies.http_logging_policy.on_response | Response status: 404
Response headers:
    'Transfer-Encoding': 'chunked'
    'Server': 'Windows-Azure-Blob/1.0 Microsoft-HTTPAPI/2.0'
    'x-ms-request-id': 'f4eb4172-801e-0042-7ecb-28475d000000'
    'x-ms-client-request-id': '263d3c99-94bf-11f1-913c-94c6917cf59f'
    'x-ms-version': 'REDACTED'
    'x-ms-is-soft-deleted': 'REDACTED'
    'x-ms-error-code': 'BlobNotFound'
    'Date': 'Mon, 10 Aug 2026 13:26:52 GMT'
18:56:52 | WARNING | app.services.blob_storage.move_blob | Source blob '01_tender_mini_version.pdf' not found in 'automation-container', nothing to move.
18:56:52 | INFO    | app.pipeline.runner.run_pipeline | [01_tender_mini_version.pdf] -> notify
18:56:52 | INFO    | azure.core.pipeline.policies.http_logging_policy.on_request | Request URL: 'https://inst-communication.india.communication.azure.com/emails:send?api-version=2025-09-01'
Request method: 'POST'
Request headers:
    'Content-Type': 'application/json'
    'Content-Length': '785'
    'Accept': 'application/json'
    'x-ms-client-request-id': '264bbd27-94bf-11f1-9b8a-94c6917cf59f'
    'User-Agent': 'azsdk-python-communication-email/1.1.0 Python/3.11.9 (Windows-10-10.0.22621-SP0)'
    'x-ms-date': 'REDACTED'
    'x-ms-content-sha256': 'REDACTED'
    'x-ms-return-client-request-id': 'true'
    'Authorization': 'REDACTED'
A body is sent with the request
18:56:53 | INFO    | azure.core.pipeline.policies.http_logging_policy.on_response | Response status: 202
Response headers:
    'Date': 'Mon, 10 Aug 2026 13:26:53 GMT'
    'Content-Type': 'application/json; charset=utf-8'
    'Content-Length': '77'
    'Connection': 'keep-alive'
    'Retry-After': '3'
    'MS-CV': 'REDACTED'
    'Operation-Location': 'REDACTED'
    'api-supported-versions': 'REDACTED'
    'x-azure-ref': 'REDACTED'
    'Strict-Transport-Security': 'REDACTED'
    'X-Cache': 'REDACTED'
18:56:53 | INFO    | azure.core.pipeline.policies.http_logging_policy.on_request | Request URL: 'https://inst-communication.india.communication.azure.com/emails/operations/60e146ee-58d4-43ba-a262-6da3e7737f5e?api-version=2025-09-01'
Request method: 'GET'
Request headers:
    'x-ms-client-request-id': '264bbd27-94bf-11f1-9b8a-94c6917cf59f'
    'User-Agent': 'azsdk-python-communication-email/1.1.0 Python/3.11.9 (Windows-10-10.0.22621-SP0)'
    'x-ms-date': 'REDACTED'
    'x-ms-content-sha256': 'REDACTED'
    'x-ms-return-client-request-id': 'true'
    'Authorization': 'REDACTED'
No body was attached to the request
18:56:54 | INFO    | azure.core.pipeline.policies.http_logging_policy.on_response | Response status: 200
Response headers:
    'Date': 'Mon, 10 Aug 2026 13:26:54 GMT'
    'Content-Type': 'application/json; charset=utf-8'
    'Content-Length': '77'
    'Connection': 'keep-alive'
    'Retry-After': '3'
    'MS-CV': 'REDACTED'
    'api-supported-versions': 'REDACTED'
    'x-azure-ref': 'REDACTED'
    'Strict-Transport-Security': 'REDACTED'
    'X-Cache': 'REDACTED'
    'Accept-Ranges': 'REDACTED'
18:56:57 | INFO    | azure.core.pipeline.policies.http_logging_policy.on_request | Request URL: 'https://inst-communication.india.communication.azure.com/emails/operations/60e146ee-58d4-43ba-a262-6da3e7737f5e?api-version=2025-09-01'
Request method: 'GET'
Request headers:
    'x-ms-client-request-id': '264bbd27-94bf-11f1-9b8a-94c6917cf59f'
    'User-Agent': 'azsdk-python-communication-email/1.1.0 Python/3.11.9 (Windows-10-10.0.22621-SP0)'
    'x-ms-date': 'REDACTED'
    'x-ms-content-sha256': 'REDACTED'
    'x-ms-return-client-request-id': 'true'
    'Authorization': 'REDACTED'
No body was attached to the request
18:56:57 | INFO    | azure.core.pipeline.policies.http_logging_policy.on_response | Response status: 200
Response headers:
    'Date': 'Mon, 10 Aug 2026 13:26:57 GMT'
    'Content-Type': 'application/json; charset=utf-8'
    'Content-Length': '79'
    'Connection': 'keep-alive'
    'MS-CV': 'REDACTED'
    'api-supported-versions': 'REDACTED'
    'x-azure-ref': 'REDACTED'
    'Strict-Transport-Security': 'REDACTED'
    'X-Cache': 'REDACTED'
    'Accept-Ranges': 'REDACTED'
18:56:57 | INFO    | app.services.email_service.send_email_through_azure | Email sent to info@comfortsolutionsgroup.in via Azure Communication Services.
18:56:57 | INFO    | app.pipeline.runner.run_pipeline | [01_tender_mini_version.pdf] pipeline completed -> https://storetender.blob.core.windows.net/automation-file-processed/01_tender_mini_version.xlsx?se=2026-08-11T13%3A26%3A52Z&sp=r&sv=2026-06-06&sr=b&sig=oBkcxY0tpZfYrrNALS18dWkBImAYzh5q7OuOBEqeGyM%3D
18:59:36 | INFO    | app.pipeline.runner.run_pipeline | [01_tender_mini_version.pdf] -> ocr
18:59:36 | INFO    | app.pipeline.stages.stage_ocr | [01_tender_mini_version.pdf] OCR data found in cache and using it: C:\Users\hi\Desktop\projects\python_projects\tutorial\play_langchain_llamaindex_langgraph\TenderExtractor_v2\cache\01_tender_mini_version.ocr.json
18:59:36 | INFO    | app.pipeline.runner.run_pipeline | [01_tender_mini_version.pdf] -> extract_nit
18:59:36 | INFO    | app.pipeline.stages.stage_extract_nit_data | [01_tender_mini_version.pdf] Using Extracted NIT data found in cache: C:\Users\hi\Desktop\projects\python_projects\tutorial\play_langchain_llamaindex_langgraph\TenderExtractor_v2\cache\01_tender_mini_version.extracted_nit.json
18:59:36 | INFO    | app.pipeline.runner.run_pipeline | [01_tender_mini_version.pdf] -> validate_nit
18:59:36 | INFO    | app.pipeline.runner.run_pipeline | [01_tender_mini_version.pdf] -> export_nit
18:59:36 | INFO    | app.pipeline.runner.run_pipeline | [01_tender_mini_version.pdf] -> extract_scanned_documents
18:59:36 | INFO    | app.pipeline.stages.stage_extract_scanned_documents_data | [01_tender_mini_version.pdf] Using Extracted 'scanned document' data found in cache: C:\Users\hi\Desktop\projects\python_projects\tutorial\play_langchain_llamaindex_langgraph\TenderExtractor_v2\cache\01_tender_mini_version.scanned_document_requirements.json
18:59:36 | INFO    | app.pipeline.runner.run_pipeline | [01_tender_mini_version.pdf] -> export_scanned_documents
18:59:36 | INFO    | app.pipeline.stages.stage_export_scanned_documents | [01_tender_mini_version.pdf] Wrote documents-to-be-scanned list -> C:\Users\hi\Desktop\projects\python_projects\tutorial\play_langchain_llamaindex_langgraph\TenderExtractor_v2\output\01_tender_mini_version_documents_to_be_scanned.xlsx
18:59:36 | INFO    | app.pipeline.runner.run_pipeline | [01_tender_mini_version.pdf] -> extract_terms_conditions
18:59:36 | INFO    | app.pipeline.stages.stage_extract_terms_conditions_data | [01_tender_mini_version.pdf] Using extracted 'terms and conditions' data found in cache: C:\Users\hi\Desktop\projects\python_projects\tutorial\play_langchain_llamaindex_langgraph\TenderExtractor_v2\cache\01_tender_mini_version.terms_condtions.json
18:59:36 | INFO    | app.pipeline.runner.run_pipeline | [01_tender_mini_version.pdf] -> export_terms_conditions
18:59:36 | INFO    | app.pipeline.stages.stage_export_terms_conditions | [01_tender_mini_version.pdf] Wrote terms & conditions -> C:\Users\hi\Desktop\projects\python_projects\tutorial\play_langchain_llamaindex_langgraph\TenderExtractor_v2\output\01_tender_mini_version_terms_and_conditions.xlsx
18:59:36 | INFO    | app.pipeline.runner.run_pipeline | [01_tender_mini_version.pdf] -> consolidate_all_excels
18:59:36 | INFO    | app.pipeline.stages.stage_consolidate_all_excels | [01_tender_mini_version.pdf] Wrote consolidated excel -> C:\Users\hi\Desktop\projects\python_projects\tutorial\play_langchain_llamaindex_langgraph\TenderExtractor_v2\output\01_tender_mini_version.xlsx
18:59:36 | INFO    | app.pipeline.runner.run_pipeline | [01_tender_mini_version.pdf] -> publish
18:59:36 | INFO    | azure.core.pipeline.policies.http_logging_policy.on_request | Request URL: 'https://storetender.blob.core.windows.net/automation-file-processed?restype=REDACTED'
Request method: 'PUT'
Request headers:
    'x-ms-version': 'REDACTED'
    'Accept': 'application/xml'
    'User-Agent': 'azsdk-python-storage-blob/12.30.0 Python/3.11.9 (Windows-10-10.0.22621-SP0)'
    'x-ms-date': 'REDACTED'
    'x-ms-client-request-id': '87efe478-94bf-11f1-a13c-94c6917cf59f'
    'Authorization': 'REDACTED'
No body was attached to the request
18:59:37 | INFO    | azure.core.pipeline.policies.http_logging_policy.on_response | Response status: 409
Response headers:
    'Content-Length': '230'
    'Content-Type': 'application/xml'
    'Server': 'Windows-Azure-Blob/1.0 Microsoft-HTTPAPI/2.0'
    'x-ms-request-id': '152847a1-901e-003c-34cc-28d71a000000'
    'x-ms-client-request-id': '87efe478-94bf-11f1-a13c-94c6917cf59f'
    'x-ms-version': 'REDACTED'
    'x-ms-error-code': 'ContainerAlreadyExists'
    'Date': 'Mon, 10 Aug 2026 13:29:36 GMT'
18:59:37 | INFO    | azure.core.pipeline.policies.http_logging_policy.on_request | Request URL: 'https://storetender.blob.core.windows.net/automation-file-processed/01_tender_mini_version.xlsx'
Request method: 'PUT'
Request headers:
    'Content-Length': '8418'
    'x-ms-blob-type': 'REDACTED'
    'x-ms-version': 'REDACTED'
    'Content-Type': 'application/octet-stream'
    'Accept': 'application/xml'
    'User-Agent': 'azsdk-python-storage-blob/12.30.0 Python/3.11.9 (Windows-10-10.0.22621-SP0)'
    'x-ms-date': 'REDACTED'
    'x-ms-client-request-id': '8866cbfa-94bf-11f1-ba64-94c6917cf59f'
    'Authorization': 'REDACTED'
A body is sent with the request
18:59:37 | INFO    | azure.core.pipeline.policies.http_logging_policy.on_response | Response status: 201
Response headers:
    'Content-Length': '0'
    'Content-MD5': 'REDACTED'
    'Last-Modified': 'Mon, 10 Aug 2026 13:29:37 GMT'
    'ETag': '"0x8DEF6E36CABBFD9"'
    'Server': 'Windows-Azure-Blob/1.0 Microsoft-HTTPAPI/2.0'
    'x-ms-request-id': '152847e6-901e-003c-77cc-28d71a000000'
    'x-ms-client-request-id': '8866cbfa-94bf-11f1-ba64-94c6917cf59f'
    'x-ms-version': 'REDACTED'
    'x-ms-content-crc64': 'REDACTED'
    'x-ms-request-server-encrypted': 'REDACTED'
    'Date': 'Mon, 10 Aug 2026 13:29:36 GMT'
18:59:37 | INFO    | app.services.blob_storage.upload_file | Uploaded 01_tender_mini_version.xlsx
18:59:37 | INFO    | azure.core.pipeline.policies.http_logging_policy.on_request | Request URL: 'https://storetender.blob.core.windows.net/automation-container/01_tender_mini_version.pdf'
Request method: 'HEAD'
Request headers:
    'x-ms-version': 'REDACTED'
    'Accept': 'application/xml'
    'User-Agent': 'azsdk-python-storage-blob/12.30.0 Python/3.11.9 (Windows-10-10.0.22621-SP0)'
    'x-ms-date': 'REDACTED'
    'x-ms-client-request-id': '886e943f-94bf-11f1-900c-94c6917cf59f'
    'Authorization': 'REDACTED'
No body was attached to the request
18:59:37 | INFO    | azure.core.pipeline.policies.http_logging_policy.on_response | Response status: 404
Response headers:
    'Transfer-Encoding': 'chunked'
    'Server': 'Windows-Azure-Blob/1.0 Microsoft-HTTPAPI/2.0'
    'x-ms-request-id': '15284828-901e-003c-35cc-28d71a000000'
    'x-ms-client-request-id': '886e943f-94bf-11f1-900c-94c6917cf59f'
    'x-ms-version': 'REDACTED'
    'x-ms-is-soft-deleted': 'REDACTED'
    'x-ms-error-code': 'BlobNotFound'
    'Date': 'Mon, 10 Aug 2026 13:29:36 GMT'
18:59:37 | WARNING | app.services.blob_storage.move_blob | Source blob '01_tender_mini_version.pdf' not found in 'automation-container', nothing to move.
18:59:37 | INFO    | app.pipeline.runner.run_pipeline | [01_tender_mini_version.pdf] -> notify
18:59:37 | INFO    | azure.core.pipeline.policies.http_logging_policy.on_request | Request URL: 'https://inst-communication.india.communication.azure.com/emails:send?api-version=2025-09-01'
Request method: 'POST'
Request headers:
    'Content-Type': 'application/json'
    'Content-Length': '787'
    'Accept': 'application/json'
    'x-ms-client-request-id': '8877f7a3-94bf-11f1-a8be-94c6917cf59f'
    'User-Agent': 'azsdk-python-communication-email/1.1.0 Python/3.11.9 (Windows-10-10.0.22621-SP0)'
    'x-ms-date': 'REDACTED'
    'x-ms-content-sha256': 'REDACTED'
    'x-ms-return-client-request-id': 'true'
    'Authorization': 'REDACTED'
A body is sent with the request
18:59:38 | INFO    | azure.core.pipeline.policies.http_logging_policy.on_response | Response status: 202
Response headers:
    'Date': 'Mon, 10 Aug 2026 13:29:38 GMT'
    'Content-Type': 'application/json; charset=utf-8'
    'Content-Length': '77'
    'Connection': 'keep-alive'
    'Retry-After': '3'
    'MS-CV': 'REDACTED'
    'Operation-Location': 'REDACTED'
    'api-supported-versions': 'REDACTED'
    'x-azure-ref': 'REDACTED'
    'Strict-Transport-Security': 'REDACTED'
    'X-Cache': 'REDACTED'
18:59:38 | INFO    | azure.core.pipeline.policies.http_logging_policy.on_request | Request URL: 'https://inst-communication.india.communication.azure.com/emails/operations/81feb726-92da-4603-aa6e-2026f52bcc86?api-version=2025-09-01'
Request method: 'GET'
Request headers:
    'x-ms-client-request-id': '8877f7a3-94bf-11f1-a8be-94c6917cf59f'
    'User-Agent': 'azsdk-python-communication-email/1.1.0 Python/3.11.9 (Windows-10-10.0.22621-SP0)'
    'x-ms-date': 'REDACTED'
    'x-ms-content-sha256': 'REDACTED'
    'x-ms-return-client-request-id': 'true'
    'Authorization': 'REDACTED'
No body was attached to the request
18:59:38 | INFO    | azure.core.pipeline.policies.http_logging_policy.on_response | Response status: 200
Response headers:
    'Date': 'Mon, 10 Aug 2026 13:29:38 GMT'
    'Content-Type': 'application/json; charset=utf-8'
    'Content-Length': '77'
    'Connection': 'keep-alive'
    'Retry-After': '3'
    'MS-CV': 'REDACTED'
    'api-supported-versions': 'REDACTED'
    'x-azure-ref': 'REDACTED'
    'Strict-Transport-Security': 'REDACTED'
    'X-Cache': 'REDACTED'
    'Accept-Ranges': 'REDACTED'
18:59:41 | INFO    | azure.core.pipeline.policies.http_logging_policy.on_request | Request URL: 'https://inst-communication.india.communication.azure.com/emails/operations/81feb726-92da-4603-aa6e-2026f52bcc86?api-version=2025-09-01'
Request method: 'GET'
Request headers:
    'x-ms-client-request-id': '8877f7a3-94bf-11f1-a8be-94c6917cf59f'
    'User-Agent': 'azsdk-python-communication-email/1.1.0 Python/3.11.9 (Windows-10-10.0.22621-SP0)'
    'x-ms-date': 'REDACTED'
    'x-ms-content-sha256': 'REDACTED'
    'x-ms-return-client-request-id': 'true'
    'Authorization': 'REDACTED'
No body was attached to the request
18:59:41 | INFO    | azure.core.pipeline.policies.http_logging_policy.on_response | Response status: 200
Response headers:
    'Date': 'Mon, 10 Aug 2026 13:29:41 GMT'
    'Content-Type': 'application/json; charset=utf-8'
    'Content-Length': '77'
    'Connection': 'keep-alive'
    'Retry-After': '3'
    'MS-CV': 'REDACTED'
    'api-supported-versions': 'REDACTED'
    'x-azure-ref': 'REDACTED'
    'Strict-Transport-Security': 'REDACTED'
    'X-Cache': 'REDACTED'
    'Accept-Ranges': 'REDACTED'
18:59:44 | INFO    | azure.core.pipeline.policies.http_logging_policy.on_request | Request URL: 'https://inst-communication.india.communication.azure.com/emails/operations/81feb726-92da-4603-aa6e-2026f52bcc86?api-version=2025-09-01'
Request method: 'GET'
Request headers:
    'x-ms-client-request-id': '8877f7a3-94bf-11f1-a8be-94c6917cf59f'
    'User-Agent': 'azsdk-python-communication-email/1.1.0 Python/3.11.9 (Windows-10-10.0.22621-SP0)'
    'x-ms-date': 'REDACTED'
    'x-ms-content-sha256': 'REDACTED'
    'x-ms-return-client-request-id': 'true'
    'Authorization': 'REDACTED'
No body was attached to the request
18:59:45 | INFO    | azure.core.pipeline.policies.http_logging_policy.on_response | Response status: 200
Response headers:
    'Date': 'Mon, 10 Aug 2026 13:29:45 GMT'
    'Content-Type': 'application/json; charset=utf-8'
    'Content-Length': '77'
    'Connection': 'keep-alive'
    'Retry-After': '3'
    'MS-CV': 'REDACTED'
    'api-supported-versions': 'REDACTED'
    'x-azure-ref': 'REDACTED'
    'Strict-Transport-Security': 'REDACTED'
    'X-Cache': 'REDACTED'
    'Accept-Ranges': 'REDACTED'
18:59:48 | INFO    | azure.core.pipeline.policies.http_logging_policy.on_request | Request URL: 'https://inst-communication.india.communication.azure.com/emails/operations/81feb726-92da-4603-aa6e-2026f52bcc86?api-version=2025-09-01'
Request method: 'GET'
Request headers:
    'x-ms-client-request-id': '8877f7a3-94bf-11f1-a8be-94c6917cf59f'
    'User-Agent': 'azsdk-python-communication-email/1.1.0 Python/3.11.9 (Windows-10-10.0.22621-SP0)'
    'x-ms-date': 'REDACTED'
    'x-ms-content-sha256': 'REDACTED'
    'x-ms-return-client-request-id': 'true'
    'Authorization': 'REDACTED'
No body was attached to the request
18:59:48 | INFO    | azure.core.pipeline.policies.http_logging_policy.on_response | Response status: 200
Response headers:
    'Date': 'Mon, 10 Aug 2026 13:29:48 GMT'
    'Content-Type': 'application/json; charset=utf-8'
    'Content-Length': '79'
    'Connection': 'keep-alive'
    'MS-CV': 'REDACTED'
    'api-supported-versions': 'REDACTED'
    'x-azure-ref': 'REDACTED'
    'Strict-Transport-Security': 'REDACTED'
    'X-Cache': 'REDACTED'
    'Accept-Ranges': 'REDACTED'
18:59:48 | INFO    | app.services.email_service.send_email_through_azure | Email sent to info@comfortsolutionsgroup.in via Azure Communication Services.
18:59:48 | INFO    | app.pipeline.runner.run_pipeline | [01_tender_mini_version.pdf] pipeline completed -> https://storetender.blob.core.windows.net/automation-file-processed/01_tender_mini_version.xlsx?se=2026-08-11T13%3A29%3A37Z&sp=r&sv=2026-06-06&sr=b&sig=%2B5f9yhypAIw/bnHkXMnNZDvctdKyKdejzxtjXrO6mDY%3D
19:00:50 | INFO    | app.pipeline.runner.run_pipeline | [01_tender_mini_version.pdf] -> ocr
19:00:50 | INFO    | app.pipeline.stages.stage_ocr | [01_tender_mini_version.pdf] OCR data found in cache and using it: C:\Users\hi\Desktop\projects\python_projects\tutorial\play_langchain_llamaindex_langgraph\TenderExtractor_v2\cache\01_tender_mini_version.ocr.json
19:00:50 | INFO    | app.pipeline.runner.run_pipeline | [01_tender_mini_version.pdf] -> extract_nit
19:00:50 | INFO    | app.pipeline.stages.stage_extract_nit_data | [01_tender_mini_version.pdf] Using Extracted NIT data found in cache: C:\Users\hi\Desktop\projects\python_projects\tutorial\play_langchain_llamaindex_langgraph\TenderExtractor_v2\cache\01_tender_mini_version.extracted_nit.json
19:00:50 | INFO    | app.pipeline.runner.run_pipeline | [01_tender_mini_version.pdf] -> validate_nit
19:00:50 | INFO    | app.pipeline.runner.run_pipeline | [01_tender_mini_version.pdf] -> export_nit
19:00:50 | INFO    | app.pipeline.runner.run_pipeline | [01_tender_mini_version.pdf] -> extract_scanned_documents
19:00:50 | INFO    | app.pipeline.stages.stage_extract_scanned_documents_data | [01_tender_mini_version.pdf] Using Extracted 'scanned document' data found in cache: C:\Users\hi\Desktop\projects\python_projects\tutorial\play_langchain_llamaindex_langgraph\TenderExtractor_v2\cache\01_tender_mini_version.scanned_document_requirements.json
19:00:50 | INFO    | app.pipeline.runner.run_pipeline | [01_tender_mini_version.pdf] -> export_scanned_documents
19:00:50 | INFO    | app.pipeline.stages.stage_export_scanned_documents | [01_tender_mini_version.pdf] Wrote documents-to-be-scanned list -> C:\Users\hi\Desktop\projects\python_projects\tutorial\play_langchain_llamaindex_langgraph\TenderExtractor_v2\output\01_tender_mini_version_documents_to_be_scanned.xlsx
19:00:50 | INFO    | app.pipeline.runner.run_pipeline | [01_tender_mini_version.pdf] -> extract_terms_conditions
19:00:50 | INFO    | app.pipeline.stages.stage_extract_terms_conditions_data | [01_tender_mini_version.pdf] Using extracted 'terms and conditions' data found in cache: C:\Users\hi\Desktop\projects\python_projects\tutorial\play_langchain_llamaindex_langgraph\TenderExtractor_v2\cache\01_tender_mini_version.terms_condtions.json
19:00:50 | INFO    | app.pipeline.runner.run_pipeline | [01_tender_mini_version.pdf] -> export_terms_conditions
19:00:50 | INFO    | app.pipeline.stages.stage_export_terms_conditions | [01_tender_mini_version.pdf] Wrote terms & conditions -> C:\Users\hi\Desktop\projects\python_projects\tutorial\play_langchain_llamaindex_langgraph\TenderExtractor_v2\output\01_tender_mini_version_terms_and_conditions.xlsx
19:00:50 | INFO    | app.pipeline.runner.run_pipeline | [01_tender_mini_version.pdf] -> consolidate_all_excels
19:00:50 | INFO    | app.pipeline.stages.stage_consolidate_all_excels | [01_tender_mini_version.pdf] Wrote consolidated excel -> C:\Users\hi\Desktop\projects\python_projects\tutorial\play_langchain_llamaindex_langgraph\TenderExtractor_v2\output\01_tender_mini_version.xlsx
19:00:50 | INFO    | app.pipeline.runner.run_pipeline | [01_tender_mini_version.pdf] -> publish
19:00:50 | INFO    | azure.core.pipeline.policies.http_logging_policy.on_request | Request URL: 'https://storetender.blob.core.windows.net/automation-file-processed?restype=REDACTED'
Request method: 'PUT'
Request headers:
    'x-ms-version': 'REDACTED'
    'Accept': 'application/xml'
    'User-Agent': 'azsdk-python-storage-blob/12.30.0 Python/3.11.9 (Windows-10-10.0.22621-SP0)'
    'x-ms-date': 'REDACTED'
    'x-ms-client-request-id': 'b434d067-94bf-11f1-a287-94c6917cf59f'
    'Authorization': 'REDACTED'
No body was attached to the request
19:00:51 | INFO    | azure.core.pipeline.policies.http_logging_policy.on_response | Response status: 409
Response headers:
    'Content-Length': '230'
    'Content-Type': 'application/xml'
    'Server': 'Windows-Azure-Blob/1.0 Microsoft-HTTPAPI/2.0'
    'x-ms-request-id': '359d1320-301e-0047-63cc-289586000000'
    'x-ms-client-request-id': 'b434d067-94bf-11f1-a287-94c6917cf59f'
    'x-ms-version': 'REDACTED'
    'x-ms-error-code': 'ContainerAlreadyExists'
    'Date': 'Mon, 10 Aug 2026 13:30:50 GMT'
19:00:51 | INFO    | azure.core.pipeline.policies.http_logging_policy.on_request | Request URL: 'https://storetender.blob.core.windows.net/automation-file-processed/01_tender_mini_version.xlsx'
Request method: 'PUT'
Request headers:
    'Content-Length': '8418'
    'x-ms-blob-type': 'REDACTED'
    'x-ms-version': 'REDACTED'
    'Content-Type': 'application/octet-stream'
    'Accept': 'application/xml'
    'User-Agent': 'azsdk-python-storage-blob/12.30.0 Python/3.11.9 (Windows-10-10.0.22621-SP0)'
    'x-ms-date': 'REDACTED'
    'x-ms-client-request-id': 'b4b03c84-94bf-11f1-9a39-94c6917cf59f'
    'Authorization': 'REDACTED'
A body is sent with the request
19:00:51 | INFO    | azure.core.pipeline.policies.http_logging_policy.on_response | Response status: 201
Response headers:
    'Content-Length': '0'
    'Content-MD5': 'REDACTED'
    'Last-Modified': 'Mon, 10 Aug 2026 13:30:51 GMT'
    'ETag': '"0x8DEF6E398F4C8DE"'
    'Server': 'Windows-Azure-Blob/1.0 Microsoft-HTTPAPI/2.0'
    'x-ms-request-id': '359d1351-301e-0047-10cc-289586000000'
    'x-ms-client-request-id': 'b4b03c84-94bf-11f1-9a39-94c6917cf59f'
    'x-ms-version': 'REDACTED'
    'x-ms-content-crc64': 'REDACTED'
    'x-ms-request-server-encrypted': 'REDACTED'
    'Date': 'Mon, 10 Aug 2026 13:30:50 GMT'
19:00:51 | INFO    | app.services.blob_storage.upload_file | Uploaded 01_tender_mini_version.xlsx
19:00:51 | INFO    | azure.core.pipeline.policies.http_logging_policy.on_request | Request URL: 'https://storetender.blob.core.windows.net/automation-container/01_tender_mini_version.pdf'
Request method: 'HEAD'
Request headers:
    'x-ms-version': 'REDACTED'
    'Accept': 'application/xml'
    'User-Agent': 'azsdk-python-storage-blob/12.30.0 Python/3.11.9 (Windows-10-10.0.22621-SP0)'
    'x-ms-date': 'REDACTED'
    'x-ms-client-request-id': 'b4b71b49-94bf-11f1-872c-94c6917cf59f'
    'Authorization': 'REDACTED'
No body was attached to the request
19:00:51 | INFO    | azure.core.pipeline.policies.http_logging_policy.on_response | Response status: 404
Response headers:
    'Transfer-Encoding': 'chunked'
    'Server': 'Windows-Azure-Blob/1.0 Microsoft-HTTPAPI/2.0'
    'x-ms-request-id': '359d1379-301e-0047-36cc-289586000000'
    'x-ms-client-request-id': 'b4b71b49-94bf-11f1-872c-94c6917cf59f'
    'x-ms-version': 'REDACTED'
    'x-ms-is-soft-deleted': 'REDACTED'
    'x-ms-error-code': 'BlobNotFound'
    'Date': 'Mon, 10 Aug 2026 13:30:50 GMT'
19:00:51 | WARNING | app.services.blob_storage.move_blob | Source blob '01_tender_mini_version.pdf' not found in 'automation-container', nothing to move.
19:00:51 | INFO    | app.pipeline.runner.run_pipeline | [01_tender_mini_version.pdf] -> notify
19:00:51 | INFO    | azure.core.pipeline.policies.http_logging_policy.on_request | Request URL: 'https://inst-communication.india.communication.azure.com/emails:send?api-version=2025-09-01'
Request method: 'POST'
Request headers:
    'Content-Type': 'application/json'
    'Content-Length': '779'
    'Accept': 'application/json'
    'x-ms-client-request-id': 'b4c3660a-94bf-11f1-8d1d-94c6917cf59f'
    'User-Agent': 'azsdk-python-communication-email/1.1.0 Python/3.11.9 (Windows-10-10.0.22621-SP0)'
    'x-ms-date': 'REDACTED'
    'x-ms-content-sha256': 'REDACTED'
    'x-ms-return-client-request-id': 'true'
    'Authorization': 'REDACTED'
A body is sent with the request
19:00:52 | INFO    | azure.core.pipeline.policies.http_logging_policy.on_response | Response status: 202
Response headers:
    'Date': 'Mon, 10 Aug 2026 13:30:52 GMT'
    'Content-Type': 'application/json; charset=utf-8'
    'Content-Length': '77'
    'Connection': 'keep-alive'
    'Retry-After': '3'
    'MS-CV': 'REDACTED'
    'Operation-Location': 'REDACTED'
    'api-supported-versions': 'REDACTED'
    'x-azure-ref': 'REDACTED'
    'Strict-Transport-Security': 'REDACTED'
    'X-Cache': 'REDACTED'
19:00:52 | INFO    | azure.core.pipeline.policies.http_logging_policy.on_request | Request URL: 'https://inst-communication.india.communication.azure.com/emails/operations/4b573f1e-de16-43df-bb53-4686134ce6f1?api-version=2025-09-01'
Request method: 'GET'
Request headers:
    'x-ms-client-request-id': 'b4c3660a-94bf-11f1-8d1d-94c6917cf59f'
    'User-Agent': 'azsdk-python-communication-email/1.1.0 Python/3.11.9 (Windows-10-10.0.22621-SP0)'
    'x-ms-date': 'REDACTED'
    'x-ms-content-sha256': 'REDACTED'
    'x-ms-return-client-request-id': 'true'
    'Authorization': 'REDACTED'
No body was attached to the request
19:00:53 | INFO    | azure.core.pipeline.policies.http_logging_policy.on_response | Response status: 200
Response headers:
    'Date': 'Mon, 10 Aug 2026 13:30:53 GMT'
    'Content-Type': 'application/json; charset=utf-8'
    'Content-Length': '77'
    'Connection': 'keep-alive'
    'Retry-After': '3'
    'MS-CV': 'REDACTED'
    'api-supported-versions': 'REDACTED'
    'x-azure-ref': 'REDACTED'
    'Strict-Transport-Security': 'REDACTED'
    'X-Cache': 'REDACTED'
    'Accept-Ranges': 'REDACTED'
19:00:56 | INFO    | azure.core.pipeline.policies.http_logging_policy.on_request | Request URL: 'https://inst-communication.india.communication.azure.com/emails/operations/4b573f1e-de16-43df-bb53-4686134ce6f1?api-version=2025-09-01'
Request method: 'GET'
Request headers:
    'x-ms-client-request-id': 'b4c3660a-94bf-11f1-8d1d-94c6917cf59f'
    'User-Agent': 'azsdk-python-communication-email/1.1.0 Python/3.11.9 (Windows-10-10.0.22621-SP0)'
    'x-ms-date': 'REDACTED'
    'x-ms-content-sha256': 'REDACTED'
    'x-ms-return-client-request-id': 'true'
    'Authorization': 'REDACTED'
No body was attached to the request
19:00:56 | INFO    | azure.core.pipeline.policies.http_logging_policy.on_response | Response status: 200
Response headers:
    'Date': 'Mon, 10 Aug 2026 13:30:56 GMT'
    'Content-Type': 'application/json; charset=utf-8'
    'Content-Length': '79'
    'Connection': 'keep-alive'
    'MS-CV': 'REDACTED'
    'api-supported-versions': 'REDACTED'
    'x-azure-ref': 'REDACTED'
    'Strict-Transport-Security': 'REDACTED'
    'X-Cache': 'REDACTED'
    'Accept-Ranges': 'REDACTED'
19:00:56 | INFO    | app.services.email_service.send_email_through_azure | Email sent to ash322.ash422@gmail.com via Azure Communication Services.
19:00:56 | INFO    | app.pipeline.runner.run_pipeline | [01_tender_mini_version.pdf] pipeline completed -> https://storetender.blob.core.windows.net/automation-file-processed/01_tender_mini_version.xlsx?se=2026-08-11T13%3A30%3A51Z&sp=r&sv=2026-06-06&sr=b&sig=e5GUgqwlEjWfphtNFabCJXV6e4T/j9poIfb9yNfXmK4%3D
20:19:13 | INFO    | app.pipeline.runner.run_pipeline | [01_tender_mini_version.pdf] -> ocr
20:19:13 | INFO    | app.pipeline.stages.stage_ocr | [01_tender_mini_version.pdf] OCR data found in cache and using it: C:\Users\hi\Desktop\projects\python_projects\tutorial\play_langchain_llamaindex_langgraph\TenderExtractor_v2\cache\01_tender_mini_version.ocr.json
20:19:13 | INFO    | app.pipeline.runner.run_pipeline | [01_tender_mini_version.pdf] -> extract_nit
20:19:13 | INFO    | app.pipeline.stages.stage_extract_nit_data | [01_tender_mini_version.pdf] Using Extracted NIT data found in cache: C:\Users\hi\Desktop\projects\python_projects\tutorial\play_langchain_llamaindex_langgraph\TenderExtractor_v2\cache\01_tender_mini_version.extracted_nit.json
20:19:13 | INFO    | app.pipeline.runner.run_pipeline | [01_tender_mini_version.pdf] -> validate_nit
20:19:13 | INFO    | app.pipeline.runner.run_pipeline | [01_tender_mini_version.pdf] -> export_nit
20:19:13 | INFO    | app.pipeline.runner.run_pipeline | [01_tender_mini_version.pdf] -> extract_scanned_documents
20:19:13 | INFO    | app.pipeline.stages.stage_extract_scanned_documents_data | [01_tender_mini_version.pdf] Using Extracted 'scanned document' data found in cache: C:\Users\hi\Desktop\projects\python_projects\tutorial\play_langchain_llamaindex_langgraph\TenderExtractor_v2\cache\01_tender_mini_version.scanned_document_requirements.json
20:19:13 | INFO    | app.pipeline.runner.run_pipeline | [01_tender_mini_version.pdf] -> export_scanned_documents
20:19:13 | INFO    | app.pipeline.stages.stage_export_scanned_documents | [01_tender_mini_version.pdf] Wrote documents-to-be-scanned list -> C:\Users\hi\Desktop\projects\python_projects\tutorial\play_langchain_llamaindex_langgraph\TenderExtractor_v2\output\01_tender_mini_version_scanned_document_requirements.xlsx
20:19:13 | INFO    | app.pipeline.runner.run_pipeline | [01_tender_mini_version.pdf] -> extract_terms_conditions
20:19:13 | INFO    | app.pipeline.runner.run_pipeline | [01_tender_mini_version.pdf] -> export_terms_conditions
20:19:13 | INFO    | app.pipeline.stages.stage_export_terms_conditions | [01_tender_mini_version.pdf] Wrote terms & conditions -> C:\Users\hi\Desktop\projects\python_projects\tutorial\play_langchain_llamaindex_langgraph\TenderExtractor_v2\output\01_tender_mini_version_terms_conditions.xlsx
20:19:13 | INFO    | app.pipeline.runner.run_pipeline | [01_tender_mini_version.pdf] -> consolidate_all_excels
20:19:13 | INFO    | app.pipeline.stages.stage_consolidate_all_excels | [01_tender_mini_version.pdf] Wrote consolidated excel -> C:\Users\hi\Desktop\projects\python_projects\tutorial\play_langchain_llamaindex_langgraph\TenderExtractor_v2\output\01_tender_mini_version.xlsx
20:19:13 | INFO    | app.pipeline.runner.run_pipeline | [01_tender_mini_version.pdf] -> publish
20:19:13 | INFO    | azure.core.pipeline.policies.http_logging_policy.on_request | Request URL: 'https://storetender.blob.core.windows.net/automation-file-processed?restype=REDACTED'
Request method: 'PUT'
Request headers:
    'x-ms-version': 'REDACTED'
    'Accept': 'application/xml'
    'User-Agent': 'azsdk-python-storage-blob/12.30.0 Python/3.11.9 (Windows-10-10.0.22621-SP0)'
    'x-ms-date': 'REDACTED'
    'x-ms-client-request-id': 'a74ec24f-94ca-11f1-996b-94c6917cf59f'
    'Authorization': 'REDACTED'
No body was attached to the request
20:19:14 | INFO    | azure.core.pipeline.policies.http_logging_policy.on_response | Response status: 409
Response headers:
    'Content-Length': '230'
    'Content-Type': 'application/xml'
    'Server': 'Windows-Azure-Blob/1.0 Microsoft-HTTPAPI/2.0'
    'x-ms-request-id': '6223f3b7-701e-001b-37d7-28c0de000000'
    'x-ms-client-request-id': 'a74ec24f-94ca-11f1-996b-94c6917cf59f'
    'x-ms-version': 'REDACTED'
    'x-ms-error-code': 'ContainerAlreadyExists'
    'Date': 'Mon, 10 Aug 2026 14:49:14 GMT'
20:19:14 | INFO    | azure.core.pipeline.policies.http_logging_policy.on_request | Request URL: 'https://storetender.blob.core.windows.net/automation-file-processed/01_tender_mini_version.xlsx'
Request method: 'PUT'
Request headers:
    'Content-Length': '8602'
    'x-ms-blob-type': 'REDACTED'
    'x-ms-version': 'REDACTED'
    'Content-Type': 'application/octet-stream'
    'Accept': 'application/xml'
    'User-Agent': 'azsdk-python-storage-blob/12.30.0 Python/3.11.9 (Windows-10-10.0.22621-SP0)'
    'x-ms-date': 'REDACTED'
    'x-ms-client-request-id': 'a7cefd7d-94ca-11f1-84e4-94c6917cf59f'
    'Authorization': 'REDACTED'
A body is sent with the request
20:19:14 | INFO    | azure.core.pipeline.policies.http_logging_policy.on_response | Response status: 201
Response headers:
    'Content-Length': '0'
    'Content-MD5': 'REDACTED'
    'Last-Modified': 'Mon, 10 Aug 2026 14:49:14 GMT'
    'ETag': '"0x8DEF6EE8C16BBF4"'
    'Server': 'Windows-Azure-Blob/1.0 Microsoft-HTTPAPI/2.0'
    'x-ms-request-id': '6223f3ea-701e-001b-66d7-28c0de000000'
    'x-ms-client-request-id': 'a7cefd7d-94ca-11f1-84e4-94c6917cf59f'
    'x-ms-version': 'REDACTED'
    'x-ms-content-crc64': 'REDACTED'
    'x-ms-request-server-encrypted': 'REDACTED'
    'Date': 'Mon, 10 Aug 2026 14:49:14 GMT'
20:19:14 | INFO    | app.services.blob_storage.upload_file | Uploaded 01_tender_mini_version.xlsx
20:19:14 | INFO    | azure.core.pipeline.policies.http_logging_policy.on_request | Request URL: 'https://storetender.blob.core.windows.net/automation-container/01_tender_mini_version.pdf'
Request method: 'HEAD'
Request headers:
    'x-ms-version': 'REDACTED'
    'Accept': 'application/xml'
    'User-Agent': 'azsdk-python-storage-blob/12.30.0 Python/3.11.9 (Windows-10-10.0.22621-SP0)'
    'x-ms-date': 'REDACTED'
    'x-ms-client-request-id': 'a7d76214-94ca-11f1-b70b-94c6917cf59f'
    'Authorization': 'REDACTED'
No body was attached to the request
20:19:14 | INFO    | azure.core.pipeline.policies.http_logging_policy.on_response | Response status: 404
Response headers:
    'Transfer-Encoding': 'chunked'
    'Server': 'Windows-Azure-Blob/1.0 Microsoft-HTTPAPI/2.0'
    'x-ms-request-id': '6223f40c-701e-001b-03d7-28c0de000000'
    'x-ms-client-request-id': 'a7d76214-94ca-11f1-b70b-94c6917cf59f'
    'x-ms-version': 'REDACTED'
    'x-ms-is-soft-deleted': 'REDACTED'
    'x-ms-error-code': 'BlobNotFound'
    'Date': 'Mon, 10 Aug 2026 14:49:14 GMT'
20:19:14 | WARNING | app.services.blob_storage.move_blob | Source blob '01_tender_mini_version.pdf' not found in 'automation-container', nothing to move.
20:19:14 | INFO    | app.pipeline.runner.run_pipeline | [01_tender_mini_version.pdf] -> notify
20:19:14 | INFO    | azure.core.pipeline.policies.http_logging_policy.on_request | Request URL: 'https://inst-communication.india.communication.azure.com/emails:send?api-version=2025-09-01'
Request method: 'POST'
Request headers:
    'Content-Type': 'application/json'
    'Content-Length': '779'
    'Accept': 'application/json'
    'x-ms-client-request-id': 'a7e48352-94ca-11f1-8755-94c6917cf59f'
    'User-Agent': 'azsdk-python-communication-email/1.1.0 Python/3.11.9 (Windows-10-10.0.22621-SP0)'
    'x-ms-date': 'REDACTED'
    'x-ms-content-sha256': 'REDACTED'
    'x-ms-return-client-request-id': 'true'
    'Authorization': 'REDACTED'
A body is sent with the request
20:19:15 | INFO    | azure.core.pipeline.policies.http_logging_policy.on_response | Response status: 202
Response headers:
    'Date': 'Mon, 10 Aug 2026 14:49:15 GMT'
    'Content-Type': 'application/json; charset=utf-8'
    'Content-Length': '77'
    'Connection': 'keep-alive'
    'Retry-After': '3'
    'MS-CV': 'REDACTED'
    'Operation-Location': 'REDACTED'
    'api-supported-versions': 'REDACTED'
    'x-azure-ref': 'REDACTED'
    'Strict-Transport-Security': 'REDACTED'
    'X-Cache': 'REDACTED'
20:19:15 | INFO    | azure.core.pipeline.policies.http_logging_policy.on_request | Request URL: 'https://inst-communication.india.communication.azure.com/emails/operations/1500f53b-0f4a-4a74-8b0d-054aef8a58ea?api-version=2025-09-01'
Request method: 'GET'
Request headers:
    'x-ms-client-request-id': 'a7e48352-94ca-11f1-8755-94c6917cf59f'
    'User-Agent': 'azsdk-python-communication-email/1.1.0 Python/3.11.9 (Windows-10-10.0.22621-SP0)'
    'x-ms-date': 'REDACTED'
    'x-ms-content-sha256': 'REDACTED'
    'x-ms-return-client-request-id': 'true'
    'Authorization': 'REDACTED'
No body was attached to the request
20:19:15 | INFO    | azure.core.pipeline.policies.http_logging_policy.on_response | Response status: 200
Response headers:
    'Date': 'Mon, 10 Aug 2026 14:49:16 GMT'
    'Content-Type': 'application/json; charset=utf-8'
    'Content-Length': '77'
    'Connection': 'keep-alive'
    'Retry-After': '3'
    'MS-CV': 'REDACTED'
    'api-supported-versions': 'REDACTED'
    'x-azure-ref': 'REDACTED'
    'Strict-Transport-Security': 'REDACTED'
    'X-Cache': 'REDACTED'
    'Accept-Ranges': 'REDACTED'
20:19:18 | INFO    | azure.core.pipeline.policies.http_logging_policy.on_request | Request URL: 'https://inst-communication.india.communication.azure.com/emails/operations/1500f53b-0f4a-4a74-8b0d-054aef8a58ea?api-version=2025-09-01'
Request method: 'GET'
Request headers:
    'x-ms-client-request-id': 'a7e48352-94ca-11f1-8755-94c6917cf59f'
    'User-Agent': 'azsdk-python-communication-email/1.1.0 Python/3.11.9 (Windows-10-10.0.22621-SP0)'
    'x-ms-date': 'REDACTED'
    'x-ms-content-sha256': 'REDACTED'
    'x-ms-return-client-request-id': 'true'
    'Authorization': 'REDACTED'
No body was attached to the request
20:19:19 | INFO    | azure.core.pipeline.policies.http_logging_policy.on_response | Response status: 200
Response headers:
    'Date': 'Mon, 10 Aug 2026 14:49:19 GMT'
    'Content-Type': 'application/json; charset=utf-8'
    'Content-Length': '77'
    'Connection': 'keep-alive'
    'Retry-After': '3'
    'MS-CV': 'REDACTED'
    'api-supported-versions': 'REDACTED'
    'x-azure-ref': 'REDACTED'
    'Strict-Transport-Security': 'REDACTED'
    'X-Cache': 'REDACTED'
    'Accept-Ranges': 'REDACTED'
20:19:22 | INFO    | azure.core.pipeline.policies.http_logging_policy.on_request | Request URL: 'https://inst-communication.india.communication.azure.com/emails/operations/1500f53b-0f4a-4a74-8b0d-054aef8a58ea?api-version=2025-09-01'
Request method: 'GET'
Request headers:
    'x-ms-client-request-id': 'a7e48352-94ca-11f1-8755-94c6917cf59f'
    'User-Agent': 'azsdk-python-communication-email/1.1.0 Python/3.11.9 (Windows-10-10.0.22621-SP0)'
    'x-ms-date': 'REDACTED'
    'x-ms-content-sha256': 'REDACTED'
    'x-ms-return-client-request-id': 'true'
    'Authorization': 'REDACTED'
No body was attached to the request
20:19:22 | INFO    | azure.core.pipeline.policies.http_logging_policy.on_response | Response status: 200
Response headers:
    'Date': 'Mon, 10 Aug 2026 14:49:22 GMT'
    'Content-Type': 'application/json; charset=utf-8'
    'Content-Length': '79'
    'Connection': 'keep-alive'
    'MS-CV': 'REDACTED'
    'api-supported-versions': 'REDACTED'
    'x-azure-ref': 'REDACTED'
    'Strict-Transport-Security': 'REDACTED'
    'X-Cache': 'REDACTED'
    'Accept-Ranges': 'REDACTED'
20:19:22 | INFO    | app.services.email_service.send_email_through_azure | Email sent to ash322.ash422@gmail.com via Azure Communication Services.
20:19:22 | INFO    | app.pipeline.runner.run_pipeline | [01_tender_mini_version.pdf] pipeline completed -> https://storetender.blob.core.windows.net/automation-file-processed/01_tender_mini_version.xlsx?se=2026-08-11T14%3A49%3A14Z&sp=r&sv=2026-06-06&sr=b&sig=oCFS8GZPa7l3go8eDXfuSwqe4CkWd/Ba2jyYkJrr1OE%3D
21:27:39 | INFO    | app.pipeline.runner.run_pipeline | [01_tender_mini_version.pdf] -> ocr
21:27:39 | INFO    | app.pipeline.stages.stage_ocr | [01_tender_mini_version.pdf] OCR data found in cache and using it: C:\Users\hi\Desktop\projects\python_projects\tutorial\play_langchain_llamaindex_langgraph\TenderExtractor_v2\cache\01_tender_mini_version.ocr.json
21:27:39 | INFO    | app.pipeline.runner.run_pipeline | [01_tender_mini_version.pdf] -> extract_nit
21:27:39 | INFO    | app.pipeline.stages.stage_extract_nit_data | [01_tender_mini_version.pdf] Using Extracted NIT data found in cache: C:\Users\hi\Desktop\projects\python_projects\tutorial\play_langchain_llamaindex_langgraph\TenderExtractor_v2\cache\01_tender_mini_version.extracted_nit.json
21:27:39 | INFO    | app.pipeline.runner.run_pipeline | [01_tender_mini_version.pdf] -> validate_nit
21:27:39 | INFO    | app.pipeline.runner.run_pipeline | [01_tender_mini_version.pdf] -> export_nit
21:27:39 | INFO    | app.pipeline.runner.run_pipeline | [01_tender_mini_version.pdf] -> extract_scanned_documents
21:27:39 | INFO    | app.pipeline.stages.stage_extract_scanned_documents_data | [01_tender_mini_version.pdf] Using Extracted 'scanned document' data found in cache: C:\Users\hi\Desktop\projects\python_projects\tutorial\play_langchain_llamaindex_langgraph\TenderExtractor_v2\cache\01_tender_mini_version.scanned_document_requirements.json
21:27:39 | INFO    | app.pipeline.runner.run_pipeline | [01_tender_mini_version.pdf] -> export_scanned_documents
21:27:39 | INFO    | app.pipeline.stages.stage_export_scanned_documents | [01_tender_mini_version.pdf] Wrote documents-to-be-scanned list -> C:\Users\hi\Desktop\projects\python_projects\tutorial\play_langchain_llamaindex_langgraph\TenderExtractor_v2\output\01_tender_mini_version_scanned_document_requirements.xlsx
21:27:39 | INFO    | app.pipeline.runner.run_pipeline | [01_tender_mini_version.pdf] -> extract_terms_conditions
21:27:39 | INFO    | app.pipeline.stages.stage_extract_terms_conditions_data | [01_tender_mini_version.pdf] Using extracted 'terms and conditions' data found in cache: C:\Users\hi\Desktop\projects\python_projects\tutorial\play_langchain_llamaindex_langgraph\TenderExtractor_v2\cache\01_tender_mini_version.terms_conditions.json
21:27:39 | INFO    | app.pipeline.runner.run_pipeline | [01_tender_mini_version.pdf] -> export_terms_conditions
21:27:39 | INFO    | app.pipeline.stages.stage_export_terms_conditions | [01_tender_mini_version.pdf] Wrote terms & conditions -> C:\Users\hi\Desktop\projects\python_projects\tutorial\play_langchain_llamaindex_langgraph\TenderExtractor_v2\output\01_tender_mini_version_terms_conditions.xlsx
21:27:39 | INFO    | app.pipeline.runner.run_pipeline | [01_tender_mini_version.pdf] -> consolidate_all_excels
21:27:39 | INFO    | app.pipeline.stages.stage_consolidate_all_excels | [01_tender_mini_version.pdf] Wrote consolidated excel -> C:\Users\hi\Desktop\projects\python_projects\tutorial\play_langchain_llamaindex_langgraph\TenderExtractor_v2\output\01_tender_mini_version.xlsx
21:27:39 | INFO    | app.pipeline.runner.run_pipeline | [01_tender_mini_version.pdf] -> publish
21:27:39 | INFO    | azure.core.pipeline.policies.http_logging_policy.on_request | Request URL: 'https://storetender.blob.core.windows.net/automation-file-processed?restype=REDACTED'
Request method: 'PUT'
Request headers:
    'x-ms-version': 'REDACTED'
    'Accept': 'application/xml'
    'User-Agent': 'azsdk-python-storage-blob/12.30.0 Python/3.11.9 (Windows-10-10.0.22621-SP0)'
    'x-ms-date': 'REDACTED'
    'x-ms-client-request-id': '36c68944-94d4-11f1-b372-94c6917cf59f'
    'Authorization': 'REDACTED'
No body was attached to the request
21:27:40 | INFO    | azure.core.pipeline.policies.http_logging_policy.on_response | Response status: 409
Response headers:
    'Content-Length': '230'
    'Content-Type': 'application/xml'
    'Server': 'Windows-Azure-Blob/1.0 Microsoft-HTTPAPI/2.0'
    'x-ms-request-id': 'd632d4b6-501e-001c-50e0-28acbd000000'
    'x-ms-client-request-id': '36c68944-94d4-11f1-b372-94c6917cf59f'
    'x-ms-version': 'REDACTED'
    'x-ms-error-code': 'ContainerAlreadyExists'
    'Date': 'Mon, 10 Aug 2026 15:57:40 GMT'
21:27:40 | INFO    | azure.core.pipeline.policies.http_logging_policy.on_request | Request URL: 'https://storetender.blob.core.windows.net/automation-file-processed/01_tender_mini_version.xlsx'
Request method: 'PUT'
Request headers:
    'Content-Length': '8602'
    'x-ms-blob-type': 'REDACTED'
    'x-ms-version': 'REDACTED'
    'Content-Type': 'application/octet-stream'
    'Accept': 'application/xml'
    'User-Agent': 'azsdk-python-storage-blob/12.30.0 Python/3.11.9 (Windows-10-10.0.22621-SP0)'
    'x-ms-date': 'REDACTED'
    'x-ms-client-request-id': '3744ca9a-94d4-11f1-98cf-94c6917cf59f'
    'Authorization': 'REDACTED'
A body is sent with the request
21:27:40 | INFO    | azure.core.pipeline.policies.http_logging_policy.on_response | Response status: 201
Response headers:
    'Content-Length': '0'
    'Content-MD5': 'REDACTED'
    'Last-Modified': 'Mon, 10 Aug 2026 15:57:40 GMT'
    'ETag': '"0x8DEF6F81B82CF77"'
    'Server': 'Windows-Azure-Blob/1.0 Microsoft-HTTPAPI/2.0'
    'x-ms-request-id': 'd632d4f2-501e-001c-08e0-28acbd000000'
    'x-ms-client-request-id': '3744ca9a-94d4-11f1-98cf-94c6917cf59f'
    'x-ms-version': 'REDACTED'
    'x-ms-content-crc64': 'REDACTED'
    'x-ms-request-server-encrypted': 'REDACTED'
    'Date': 'Mon, 10 Aug 2026 15:57:40 GMT'
21:27:40 | INFO    | app.services.blob_storage.upload_file | Uploaded 01_tender_mini_version.xlsx
21:27:40 | INFO    | azure.core.pipeline.policies.http_logging_policy.on_request | Request URL: 'https://storetender.blob.core.windows.net/automation-container/01_tender_mini_version.pdf'
Request method: 'HEAD'
Request headers:
    'x-ms-version': 'REDACTED'
    'Accept': 'application/xml'
    'User-Agent': 'azsdk-python-storage-blob/12.30.0 Python/3.11.9 (Windows-10-10.0.22621-SP0)'
    'x-ms-date': 'REDACTED'
    'x-ms-client-request-id': '374c668b-94d4-11f1-9607-94c6917cf59f'
    'Authorization': 'REDACTED'
No body was attached to the request
21:27:40 | INFO    | azure.core.pipeline.policies.http_logging_policy.on_response | Response status: 404
Response headers:
    'Transfer-Encoding': 'chunked'
    'Server': 'Windows-Azure-Blob/1.0 Microsoft-HTTPAPI/2.0'
    'x-ms-request-id': 'd632d51c-501e-001c-30e0-28acbd000000'
    'x-ms-client-request-id': '374c668b-94d4-11f1-9607-94c6917cf59f'
    'x-ms-version': 'REDACTED'
    'x-ms-is-soft-deleted': 'REDACTED'
    'x-ms-error-code': 'BlobNotFound'
    'Date': 'Mon, 10 Aug 2026 15:57:40 GMT'
21:27:40 | WARNING | app.services.blob_storage.move_blob | Source blob '01_tender_mini_version.pdf' not found in 'automation-container', nothing to move.
21:27:40 | INFO    | app.pipeline.runner.run_pipeline | [01_tender_mini_version.pdf] -> notify
21:27:40 | INFO    | azure.core.pipeline.policies.http_logging_policy.on_request | Request URL: 'https://inst-communication.india.communication.azure.com/emails:send?api-version=2025-09-01'
Request method: 'POST'
Request headers:
    'Content-Type': 'application/json'
    'Content-Length': '787'
    'Accept': 'application/json'
    'x-ms-client-request-id': '375a37c9-94d4-11f1-a88d-94c6917cf59f'
    'User-Agent': 'azsdk-python-communication-email/1.1.0 Python/3.11.9 (Windows-10-10.0.22621-SP0)'
    'x-ms-date': 'REDACTED'
    'x-ms-content-sha256': 'REDACTED'
    'x-ms-return-client-request-id': 'true'
    'Authorization': 'REDACTED'
A body is sent with the request
21:27:42 | INFO    | azure.core.pipeline.policies.http_logging_policy.on_response | Response status: 202
Response headers:
    'Date': 'Mon, 10 Aug 2026 15:57:42 GMT'
    'Content-Type': 'application/json; charset=utf-8'
    'Content-Length': '77'
    'Connection': 'keep-alive'
    'Retry-After': '3'
    'MS-CV': 'REDACTED'
    'Operation-Location': 'REDACTED'
    'api-supported-versions': 'REDACTED'
    'x-azure-ref': 'REDACTED'
    'Strict-Transport-Security': 'REDACTED'
    'X-Cache': 'REDACTED'
21:27:42 | INFO    | azure.core.pipeline.policies.http_logging_policy.on_request | Request URL: 'https://inst-communication.india.communication.azure.com/emails/operations/8e826cc9-5225-4bf1-8746-3616e52c3e32?api-version=2025-09-01'
Request method: 'GET'
Request headers:
    'x-ms-client-request-id': '375a37c9-94d4-11f1-a88d-94c6917cf59f'
    'User-Agent': 'azsdk-python-communication-email/1.1.0 Python/3.11.9 (Windows-10-10.0.22621-SP0)'
    'x-ms-date': 'REDACTED'
    'x-ms-content-sha256': 'REDACTED'
    'x-ms-return-client-request-id': 'true'
    'Authorization': 'REDACTED'
No body was attached to the request
21:27:42 | INFO    | azure.core.pipeline.policies.http_logging_policy.on_response | Response status: 200
Response headers:
    'Date': 'Mon, 10 Aug 2026 15:57:42 GMT'
    'Content-Type': 'application/json; charset=utf-8'
    'Content-Length': '77'
    'Connection': 'keep-alive'
    'Retry-After': '3'
    'MS-CV': 'REDACTED'
    'api-supported-versions': 'REDACTED'
    'x-azure-ref': 'REDACTED'
    'Strict-Transport-Security': 'REDACTED'
    'X-Cache': 'REDACTED'
    'Accept-Ranges': 'REDACTED'
21:27:45 | INFO    | azure.core.pipeline.policies.http_logging_policy.on_request | Request URL: 'https://inst-communication.india.communication.azure.com/emails/operations/8e826cc9-5225-4bf1-8746-3616e52c3e32?api-version=2025-09-01'
Request method: 'GET'
Request headers:
    'x-ms-client-request-id': '375a37c9-94d4-11f1-a88d-94c6917cf59f'
    'User-Agent': 'azsdk-python-communication-email/1.1.0 Python/3.11.9 (Windows-10-10.0.22621-SP0)'
    'x-ms-date': 'REDACTED'
    'x-ms-content-sha256': 'REDACTED'
    'x-ms-return-client-request-id': 'true'
    'Authorization': 'REDACTED'
No body was attached to the request
21:27:45 | INFO    | azure.core.pipeline.policies.http_logging_policy.on_response | Response status: 200
Response headers:
    'Date': 'Mon, 10 Aug 2026 15:57:45 GMT'
    'Content-Type': 'application/json; charset=utf-8'
    'Content-Length': '79'
    'Connection': 'keep-alive'
    'MS-CV': 'REDACTED'
    'api-supported-versions': 'REDACTED'
    'x-azure-ref': 'REDACTED'
    'Strict-Transport-Security': 'REDACTED'
    'X-Cache': 'REDACTED'
    'Accept-Ranges': 'REDACTED'
21:27:45 | INFO    | app.services.email_service.send_email_through_azure | Email sent to info@comfortsolutionsgroup.in via Azure Communication Services.
21:27:45 | INFO    | azure.core.pipeline.policies.http_logging_policy.on_request | Request URL: 'https://inst-communication.india.communication.azure.com/emails:send?api-version=2025-09-01'
Request method: 'POST'
Request headers:
    'Content-Type': 'application/json'
    'Content-Length': '781'
    'Accept': 'application/json'
    'x-ms-client-request-id': '3a0d43d8-94d4-11f1-a497-94c6917cf59f'
    'User-Agent': 'azsdk-python-communication-email/1.1.0 Python/3.11.9 (Windows-10-10.0.22621-SP0)'
    'x-ms-date': 'REDACTED'
    'x-ms-content-sha256': 'REDACTED'
    'x-ms-return-client-request-id': 'true'
    'Authorization': 'REDACTED'
A body is sent with the request
21:27:46 | INFO    | azure.core.pipeline.policies.http_logging_policy.on_response | Response status: 202
Response headers:
    'Date': 'Mon, 10 Aug 2026 15:57:46 GMT'
    'Content-Type': 'application/json; charset=utf-8'
    'Content-Length': '77'
    'Connection': 'keep-alive'
    'Retry-After': '3'
    'MS-CV': 'REDACTED'
    'Operation-Location': 'REDACTED'
    'api-supported-versions': 'REDACTED'
    'x-azure-ref': 'REDACTED'
    'Strict-Transport-Security': 'REDACTED'
    'X-Cache': 'REDACTED'
21:27:46 | INFO    | azure.core.pipeline.policies.http_logging_policy.on_request | Request URL: 'https://inst-communication.india.communication.azure.com/emails/operations/c32d9484-04e8-4422-b846-730b81abd03d?api-version=2025-09-01'
Request method: 'GET'
Request headers:
    'x-ms-client-request-id': '3a0d43d8-94d4-11f1-a497-94c6917cf59f'
    'User-Agent': 'azsdk-python-communication-email/1.1.0 Python/3.11.9 (Windows-10-10.0.22621-SP0)'
    'x-ms-date': 'REDACTED'
    'x-ms-content-sha256': 'REDACTED'
    'x-ms-return-client-request-id': 'true'
    'Authorization': 'REDACTED'
No body was attached to the request
21:27:46 | INFO    | azure.core.pipeline.policies.http_logging_policy.on_response | Response status: 200
Response headers:
    'Date': 'Mon, 10 Aug 2026 15:57:46 GMT'
    'Content-Type': 'application/json; charset=utf-8'
    'Content-Length': '77'
    'Connection': 'keep-alive'
    'Retry-After': '3'
    'MS-CV': 'REDACTED'
    'api-supported-versions': 'REDACTED'
    'x-azure-ref': 'REDACTED'
    'Strict-Transport-Security': 'REDACTED'
    'X-Cache': 'REDACTED'
    'Accept-Ranges': 'REDACTED'
21:27:49 | INFO    | azure.core.pipeline.policies.http_logging_policy.on_request | Request URL: 'https://inst-communication.india.communication.azure.com/emails/operations/c32d9484-04e8-4422-b846-730b81abd03d?api-version=2025-09-01'
Request method: 'GET'
Request headers:
    'x-ms-client-request-id': '3a0d43d8-94d4-11f1-a497-94c6917cf59f'
    'User-Agent': 'azsdk-python-communication-email/1.1.0 Python/3.11.9 (Windows-10-10.0.22621-SP0)'
    'x-ms-date': 'REDACTED'
    'x-ms-content-sha256': 'REDACTED'
    'x-ms-return-client-request-id': 'true'
    'Authorization': 'REDACTED'
No body was attached to the request
21:27:49 | INFO    | azure.core.pipeline.policies.http_logging_policy.on_response | Response status: 200
Response headers:
    'Date': 'Mon, 10 Aug 2026 15:57:49 GMT'
    'Content-Type': 'application/json; charset=utf-8'
    'Content-Length': '77'
    'Connection': 'keep-alive'
    'Retry-After': '3'
    'MS-CV': 'REDACTED'
    'api-supported-versions': 'REDACTED'
    'x-azure-ref': 'REDACTED'
    'Strict-Transport-Security': 'REDACTED'
    'X-Cache': 'REDACTED'
    'Accept-Ranges': 'REDACTED'
21:27:52 | INFO    | azure.core.pipeline.policies.http_logging_policy.on_request | Request URL: 'https://inst-communication.india.communication.azure.com/emails/operations/c32d9484-04e8-4422-b846-730b81abd03d?api-version=2025-09-01'
Request method: 'GET'
Request headers:
    'x-ms-client-request-id': '3a0d43d8-94d4-11f1-a497-94c6917cf59f'
    'User-Agent': 'azsdk-python-communication-email/1.1.0 Python/3.11.9 (Windows-10-10.0.22621-SP0)'
    'x-ms-date': 'REDACTED'
    'x-ms-content-sha256': 'REDACTED'
    'x-ms-return-client-request-id': 'true'
    'Authorization': 'REDACTED'
No body was attached to the request
21:27:52 | INFO    | azure.core.pipeline.policies.http_logging_policy.on_response | Response status: 200
Response headers:
    'Date': 'Mon, 10 Aug 2026 15:57:52 GMT'
    'Content-Type': 'application/json; charset=utf-8'
    'Content-Length': '79'
    'Connection': 'keep-alive'
    'MS-CV': 'REDACTED'
    'api-supported-versions': 'REDACTED'
    'x-azure-ref': 'REDACTED'
    'Strict-Transport-Security': 'REDACTED'
    'X-Cache': 'REDACTED'
    'Accept-Ranges': 'REDACTED'
21:27:52 | INFO    | app.services.email_service.send_email_through_azure | Email sent to ash322.ash422@gmail.com via Azure Communication Services.
21:27:52 | INFO    | app.pipeline.runner.run_pipeline | [01_tender_mini_version.pdf] pipeline completed -> https://storetender.blob.core.windows.net/automation-file-processed/01_tender_mini_version.xlsx?se=2026-08-11T15%3A57%3A40Z&sp=r&sv=2026-06-06&sr=b&sig=xoCiXmkDfKdY9EXFD4xzP7%2Bq/bG0G2Xky7te4XQcV8o%3D
21:37:47 | INFO    | app.pipeline.runner.run_pipeline | [02_tender_mini_version.pdf] -> ingest
21:37:47 | INFO    | azure.core.pipeline.policies.http_logging_policy.on_request | Request URL: 'https://storetender.blob.core.windows.net/automation-container?restype=REDACTED'
Request method: 'PUT'
Request headers:
    'x-ms-version': 'REDACTED'
    'Accept': 'application/xml'
    'User-Agent': 'azsdk-python-storage-blob/12.30.0 Python/3.11.9 (Windows-10-10.0.22621-SP0)'
    'x-ms-date': 'REDACTED'
    'x-ms-client-request-id': 'a116ab2b-94d5-11f1-828b-94c6917cf59f'
    'Authorization': 'REDACTED'
No body was attached to the request
21:37:48 | INFO    | azure.core.pipeline.policies.http_logging_policy.on_response | Response status: 409
Response headers:
    'Content-Length': '230'
    'Content-Type': 'application/xml'
    'Server': 'Windows-Azure-Blob/1.0 Microsoft-HTTPAPI/2.0'
    'x-ms-request-id': 'ebf47d15-e01e-0036-04e2-2873ad000000'
    'x-ms-client-request-id': 'a116ab2b-94d5-11f1-828b-94c6917cf59f'
    'x-ms-version': 'REDACTED'
    'x-ms-error-code': 'ContainerAlreadyExists'
    'Date': 'Mon, 10 Aug 2026 16:07:47 GMT'
21:37:48 | INFO    | azure.core.pipeline.policies.http_logging_policy.on_request | Request URL: 'https://storetender.blob.core.windows.net/automation-container/02_tender_mini_version.pdf'
Request method: 'HEAD'
Request headers:
    'x-ms-version': 'REDACTED'
    'Accept': 'application/xml'
    'User-Agent': 'azsdk-python-storage-blob/12.30.0 Python/3.11.9 (Windows-10-10.0.22621-SP0)'
    'x-ms-date': 'REDACTED'
    'x-ms-client-request-id': 'a18c3901-94d5-11f1-b44f-94c6917cf59f'
    'Authorization': 'REDACTED'
No body was attached to the request
21:37:48 | INFO    | azure.core.pipeline.policies.http_logging_policy.on_response | Response status: 404
Response headers:
    'Transfer-Encoding': 'chunked'
    'Server': 'Windows-Azure-Blob/1.0 Microsoft-HTTPAPI/2.0'
    'x-ms-request-id': 'ebf47d39-e01e-0036-25e2-2873ad000000'
    'x-ms-client-request-id': 'a18c3901-94d5-11f1-b44f-94c6917cf59f'
    'x-ms-version': 'REDACTED'
    'x-ms-error-code': 'BlobNotFound'
    'Date': 'Mon, 10 Aug 2026 16:07:47 GMT'
21:37:48 | INFO    | azure.core.pipeline.policies.http_logging_policy.on_request | Request URL: 'https://storetender.blob.core.windows.net/automation-container/02_tender_mini_version.pdf'
Request method: 'PUT'
Request headers:
    'Content-Length': '487150'
    'x-ms-blob-type': 'REDACTED'
    'x-ms-version': 'REDACTED'
    'Content-Type': 'application/octet-stream'
    'Accept': 'application/xml'
    'User-Agent': 'azsdk-python-storage-blob/12.30.0 Python/3.11.9 (Windows-10-10.0.22621-SP0)'
    'x-ms-date': 'REDACTED'
    'x-ms-client-request-id': 'a19256a4-94d5-11f1-a3ee-94c6917cf59f'
    'Authorization': 'REDACTED'
A body is sent with the request
21:37:48 | INFO    | azure.core.pipeline.policies.http_logging_policy.on_response | Response status: 201
Response headers:
    'Content-Length': '0'
    'Content-MD5': 'REDACTED'
    'Last-Modified': 'Mon, 10 Aug 2026 16:07:48 GMT'
    'ETag': '"0x8DEF6F985EFA289"'
    'Server': 'Windows-Azure-Blob/1.0 Microsoft-HTTPAPI/2.0'
    'x-ms-request-id': 'ebf47d4f-e01e-0036-36e2-2873ad000000'
    'x-ms-client-request-id': 'a19256a4-94d5-11f1-a3ee-94c6917cf59f'
    'x-ms-version': 'REDACTED'
    'x-ms-content-crc64': 'REDACTED'
    'x-ms-request-server-encrypted': 'REDACTED'
    'Date': 'Mon, 10 Aug 2026 16:07:47 GMT'
21:37:48 | INFO    | app.services.blob_storage.upload_file | Uploaded 02_tender_mini_version.pdf
21:37:48 | INFO    | app.pipeline.runner.run_pipeline | [02_tender_mini_version.pdf] -> ocr
21:37:48 | INFO    | azure.core.pipeline.policies.http_logging_policy.on_request | Request URL: 'https://insttenderdocintelpaid.cognitiveservices.azure.com/formrecognizer/documentModels/prebuilt-document:analyze?stringIndexType=unicodeCodePoint&api-version=2023-07-31'
Request method: 'POST'
Request headers:
    'Content-Length': '487150'
    'Content-Type': 'application/octet-stream'
    'Accept': 'application/json'
    'x-ms-client-request-id': 'a1ce489c-94d5-11f1-9f3e-94c6917cf59f'
    'User-Agent': 'azsdk-python-ai-formrecognizer/3.3.3 Python/3.11.9 (Windows-10-10.0.22621-SP0)'
    'Ocp-Apim-Subscription-Key': 'REDACTED'
A body is sent with the request
21:37:51 | INFO    | azure.core.pipeline.policies.http_logging_policy.on_response | Response status: 202
Response headers:
    'Content-Length': '0'
    'Operation-Location': 'https://insttenderdocintelpaid.cognitiveservices.azure.com/formrecognizer/documentModels/prebuilt-document/analyzeResults/142c016c-fc78-45f3-9779-ee643d511b56?api-version=2023-07-31'
    'x-envoy-upstream-service-time': '78'
    'apim-request-id': '142c016c-fc78-45f3-9779-ee643d511b56'
    'Strict-Transport-Security': 'max-age=31536000; includeSubDomains; preload'
    'x-content-type-options': 'nosniff'
    'x-ms-region': 'East US'
    'Date': 'Mon, 10 Aug 2026 16:07:51 GMT'
21:37:51 | INFO    | azure.core.pipeline.policies.http_logging_policy.on_request | Request URL: 'https://insttenderdocintelpaid.cognitiveservices.azure.com/formrecognizer/documentModels/prebuilt-document/analyzeResults/142c016c-fc78-45f3-9779-ee643d511b56?api-version=2023-07-31'
Request method: 'GET'
Request headers:
    'x-ms-client-request-id': 'a1ce489c-94d5-11f1-9f3e-94c6917cf59f'
    'User-Agent': 'azsdk-python-ai-formrecognizer/3.3.3 Python/3.11.9 (Windows-10-10.0.22621-SP0)'
    'Ocp-Apim-Subscription-Key': 'REDACTED'
No body was attached to the request
21:37:52 | INFO    | azure.core.pipeline.policies.http_logging_policy.on_response | Response status: 200
Response headers:
    'Content-Length': '106'
    'Content-Type': 'application/json; charset=utf-8'
    'retry-after': '9'
    'x-envoy-upstream-service-time': '12'
    'apim-request-id': '3719a328-b62a-4f1f-a270-710a7d741588'
    'Strict-Transport-Security': 'max-age=31536000; includeSubDomains; preload'
    'x-content-type-options': 'nosniff'
    'x-ms-region': 'East US'
    'Date': 'Mon, 10 Aug 2026 16:07:51 GMT'
21:38:01 | INFO    | azure.core.pipeline.policies.http_logging_policy.on_request | Request URL: 'https://insttenderdocintelpaid.cognitiveservices.azure.com/formrecognizer/documentModels/prebuilt-document/analyzeResults/142c016c-fc78-45f3-9779-ee643d511b56?api-version=2023-07-31'
Request method: 'GET'
Request headers:
    'x-ms-client-request-id': 'a1ce489c-94d5-11f1-9f3e-94c6917cf59f'
    'User-Agent': 'azsdk-python-ai-formrecognizer/3.3.3 Python/3.11.9 (Windows-10-10.0.22621-SP0)'
    'Ocp-Apim-Subscription-Key': 'REDACTED'
No body was attached to the request
21:38:01 | INFO    | azure.core.pipeline.policies.http_logging_policy.on_response | Response status: 200
Response headers:
    'Content-Length': '106'
    'Content-Type': 'application/json; charset=utf-8'
    'retry-after': '1'
    'x-envoy-upstream-service-time': '8'
    'apim-request-id': '89f00c6a-1c15-4710-ae63-ac27696af45a'
    'Strict-Transport-Security': 'max-age=31536000; includeSubDomains; preload'
    'x-content-type-options': 'nosniff'
    'x-ms-region': 'East US'
    'Date': 'Mon, 10 Aug 2026 16:08:00 GMT'
21:38:02 | INFO    | azure.core.pipeline.policies.http_logging_policy.on_request | Request URL: 'https://insttenderdocintelpaid.cognitiveservices.azure.com/formrecognizer/documentModels/prebuilt-document/analyzeResults/142c016c-fc78-45f3-9779-ee643d511b56?api-version=2023-07-31'
Request method: 'GET'
Request headers:
    'x-ms-client-request-id': 'a1ce489c-94d5-11f1-9f3e-94c6917cf59f'
    'User-Agent': 'azsdk-python-ai-formrecognizer/3.3.3 Python/3.11.9 (Windows-10-10.0.22621-SP0)'
    'Ocp-Apim-Subscription-Key': 'REDACTED'
No body was attached to the request
21:38:04 | INFO    | azure.core.pipeline.policies.http_logging_policy.on_response | Response status: 200
Response headers:
    'Content-Length': '983587'
    'Content-Type': 'application/json; charset=utf-8'
    'x-envoy-upstream-service-time': '63'
    'apim-request-id': '36ff4f95-27f2-4ecd-9960-1d158c336c6a'
    'Strict-Transport-Security': 'max-age=31536000; includeSubDomains; preload'
    'x-content-type-options': 'nosniff'
    'x-ms-region': 'East US'
    'Date': 'Mon, 10 Aug 2026 16:08:02 GMT'
21:38:05 | INFO    | app.pipeline.runner.run_pipeline | [02_tender_mini_version.pdf] -> extract_nit
21:38:07 | INFO    | app.services.nit_data_service.extract_document | Extracting pages 1-2
21:38:07 | INFO    | app.services.nit_data_service.extract_chunk | .....Sending 2 pages to LLM for extraction
21:38:13 | INFO    | httpx._send_single_request | HTTP Request: POST https://fndry-openai.services.ai.azure.com/openai/v1/chat/completions "HTTP/1.1 200 OK"
21:38:13 | INFO    | app.services.nit_data_service.extract_document | Extracting pages 3-4
21:38:13 | INFO    | app.services.nit_data_service.extract_chunk | .....Sending 2 pages to LLM for extraction
21:38:22 | INFO    | httpx._send_single_request | HTTP Request: POST https://fndry-openai.services.ai.azure.com/openai/v1/chat/completions "HTTP/1.1 200 OK"
21:38:22 | INFO    | app.pipeline.runner.run_pipeline | [02_tender_mini_version.pdf] -> validate_nit
21:38:22 | INFO    | app.pipeline.runner.run_pipeline | [02_tender_mini_version.pdf] -> export_nit
21:38:22 | INFO    | app.pipeline.runner.run_pipeline | [02_tender_mini_version.pdf] -> extract_scanned_documents
21:38:22 | INFO    | app.pipeline.runner.run_pipeline | [02_tender_mini_version.pdf] -> export_scanned_documents
21:38:22 | INFO    | app.pipeline.stages.stage_export_scanned_documents | [02_tender_mini_version.pdf] Wrote documents-to-be-scanned list -> C:\Users\hi\Desktop\projects\python_projects\tutorial\play_langchain_llamaindex_langgraph\TenderExtractor_v2\output\02_tender_mini_version_scanned_document_requirements.xlsx
21:38:22 | INFO    | app.pipeline.runner.run_pipeline | [02_tender_mini_version.pdf] -> extract_terms_conditions
21:38:22 | INFO    | app.pipeline.runner.run_pipeline | [02_tender_mini_version.pdf] -> export_terms_conditions
21:38:22 | INFO    | app.pipeline.stages.stage_export_terms_conditions | [02_tender_mini_version.pdf] Wrote terms & conditions -> C:\Users\hi\Desktop\projects\python_projects\tutorial\play_langchain_llamaindex_langgraph\TenderExtractor_v2\output\02_tender_mini_version_terms_conditions.xlsx
21:38:22 | INFO    | app.pipeline.runner.run_pipeline | [02_tender_mini_version.pdf] -> consolidate_all_excels
21:38:23 | INFO    | app.pipeline.stages.stage_consolidate_all_excels | [02_tender_mini_version.pdf] Wrote consolidated excel -> C:\Users\hi\Desktop\projects\python_projects\tutorial\play_langchain_llamaindex_langgraph\TenderExtractor_v2\output\02_tender_mini_version.xlsx
21:38:23 | INFO    | app.pipeline.runner.run_pipeline | [02_tender_mini_version.pdf] -> publish
21:38:23 | INFO    | azure.core.pipeline.policies.http_logging_policy.on_request | Request URL: 'https://storetender.blob.core.windows.net/automation-file-processed?restype=REDACTED'
Request method: 'PUT'
Request headers:
    'x-ms-version': 'REDACTED'
    'Accept': 'application/xml'
    'User-Agent': 'azsdk-python-storage-blob/12.30.0 Python/3.11.9 (Windows-10-10.0.22621-SP0)'
    'x-ms-date': 'REDACTED'
    'x-ms-client-request-id': 'b6285f02-94d5-11f1-911f-94c6917cf59f'
    'Authorization': 'REDACTED'
No body was attached to the request
21:38:23 | INFO    | azure.core.pipeline.policies.http_logging_policy.on_response | Response status: 409
Response headers:
    'Content-Length': '230'
    'Content-Type': 'application/xml'
    'Server': 'Windows-Azure-Blob/1.0 Microsoft-HTTPAPI/2.0'
    'x-ms-request-id': '3c68f2a0-301e-0078-39e2-285d25000000'
    'x-ms-client-request-id': 'b6285f02-94d5-11f1-911f-94c6917cf59f'
    'x-ms-version': 'REDACTED'
    'x-ms-error-code': 'ContainerAlreadyExists'
    'Date': 'Mon, 10 Aug 2026 16:08:23 GMT'
21:38:23 | INFO    | azure.core.pipeline.policies.http_logging_policy.on_request | Request URL: 'https://storetender.blob.core.windows.net/automation-file-processed/02_tender_mini_version.xlsx'
Request method: 'PUT'
Request headers:
    'Content-Length': '8273'
    'x-ms-blob-type': 'REDACTED'
    'x-ms-version': 'REDACTED'
    'Content-Type': 'application/octet-stream'
    'Accept': 'application/xml'
    'User-Agent': 'azsdk-python-storage-blob/12.30.0 Python/3.11.9 (Windows-10-10.0.22621-SP0)'
    'x-ms-date': 'REDACTED'
    'x-ms-client-request-id': 'b698f9dd-94d5-11f1-be5d-94c6917cf59f'
    'Authorization': 'REDACTED'
A body is sent with the request
21:38:23 | INFO    | azure.core.pipeline.policies.http_logging_policy.on_response | Response status: 201
Response headers:
    'Content-Length': '0'
    'Content-MD5': 'REDACTED'
    'Last-Modified': 'Mon, 10 Aug 2026 16:08:23 GMT'
    'ETag': '"0x8DEF6F99AD63F33"'
    'Server': 'Windows-Azure-Blob/1.0 Microsoft-HTTPAPI/2.0'
    'x-ms-request-id': '3c68f2e1-301e-0078-75e2-285d25000000'
    'x-ms-client-request-id': 'b698f9dd-94d5-11f1-be5d-94c6917cf59f'
    'x-ms-version': 'REDACTED'
    'x-ms-content-crc64': 'REDACTED'
    'x-ms-request-server-encrypted': 'REDACTED'
    'Date': 'Mon, 10 Aug 2026 16:08:23 GMT'
21:38:23 | INFO    | app.services.blob_storage.upload_file | Uploaded 02_tender_mini_version.xlsx
21:38:23 | INFO    | azure.core.pipeline.policies.http_logging_policy.on_request | Request URL: 'https://storetender.blob.core.windows.net/automation-container/02_tender_mini_version.pdf'
Request method: 'HEAD'
Request headers:
    'x-ms-version': 'REDACTED'
    'Accept': 'application/xml'
    'User-Agent': 'azsdk-python-storage-blob/12.30.0 Python/3.11.9 (Windows-10-10.0.22621-SP0)'
    'x-ms-date': 'REDACTED'
    'x-ms-client-request-id': 'b69f7711-94d5-11f1-8c09-94c6917cf59f'
    'Authorization': 'REDACTED'
No body was attached to the request
21:38:23 | INFO    | azure.core.pipeline.policies.http_logging_policy.on_response | Response status: 200
Response headers:
    'Content-Length': '487150'
    'Content-Type': 'application/octet-stream'
    'Content-MD5': 'REDACTED'
    'Last-Modified': 'Mon, 10 Aug 2026 16:07:48 GMT'
    'Accept-Ranges': 'REDACTED'
    'ETag': '"0x8DEF6F985EFA289"'
    'Server': 'Windows-Azure-Blob/1.0 Microsoft-HTTPAPI/2.0'
    'x-ms-request-id': '3c68f309-301e-0078-18e2-285d25000000'
    'x-ms-client-request-id': 'b69f7711-94d5-11f1-8c09-94c6917cf59f'
    'x-ms-version': 'REDACTED'
    'x-ms-creation-time': 'REDACTED'
    'x-ms-lease-status': 'REDACTED'
    'x-ms-lease-state': 'REDACTED'
    'x-ms-blob-type': 'REDACTED'
    'x-ms-server-encrypted': 'REDACTED'
    'x-ms-access-tier': 'REDACTED'
    'x-ms-access-tier-inferred': 'REDACTED'
    'Date': 'Mon, 10 Aug 2026 16:08:23 GMT'
21:38:23 | INFO    | azure.core.pipeline.policies.http_logging_policy.on_request | Request URL: 'https://storetender.blob.core.windows.net/automation-file-processed/02_tender_mini_version.pdf'
Request method: 'PUT'
Request headers:
    'x-ms-copy-source': 'REDACTED'
    'x-ms-version': 'REDACTED'
    'Accept': 'application/xml'
    'User-Agent': 'azsdk-python-storage-blob/12.30.0 Python/3.11.9 (Windows-10-10.0.22621-SP0)'
    'x-ms-date': 'REDACTED'
    'x-ms-client-request-id': 'b6a54375-94d5-11f1-a096-94c6917cf59f'
    'Authorization': 'REDACTED'
No body was attached to the request
21:38:23 | INFO    | azure.core.pipeline.policies.http_logging_policy.on_response | Response status: 202
Response headers:
    'Content-Length': '0'
    'Last-Modified': 'Mon, 10 Aug 2026 16:08:23 GMT'
    'ETag': '"0x8DEF6F99AE3C486"'
    'Server': 'Windows-Azure-Blob/1.0 Microsoft-HTTPAPI/2.0'
    'x-ms-request-id': '3c68f339-301e-0078-45e2-285d25000000'
    'x-ms-client-request-id': 'b6a54375-94d5-11f1-a096-94c6917cf59f'
    'x-ms-version': 'REDACTED'
    'x-ms-copy-id': 'REDACTED'
    'x-ms-copy-status': 'REDACTED'
    'Date': 'Mon, 10 Aug 2026 16:08:23 GMT'
21:38:23 | INFO    | azure.core.pipeline.policies.http_logging_policy.on_request | Request URL: 'https://storetender.blob.core.windows.net/automation-container/02_tender_mini_version.pdf'
Request method: 'DELETE'
Request headers:
    'x-ms-version': 'REDACTED'
    'Accept': 'application/xml'
    'User-Agent': 'azsdk-python-storage-blob/12.30.0 Python/3.11.9 (Windows-10-10.0.22621-SP0)'
    'x-ms-date': 'REDACTED'
    'x-ms-client-request-id': 'b6ad80b5-94d5-11f1-adcf-94c6917cf59f'
    'Authorization': 'REDACTED'
No body was attached to the request
21:38:23 | INFO    | azure.core.pipeline.policies.http_logging_policy.on_response | Response status: 202
Response headers:
    'Content-Length': '0'
    'Server': 'Windows-Azure-Blob/1.0 Microsoft-HTTPAPI/2.0'
    'x-ms-request-id': '3c68f370-301e-0078-7ce2-285d25000000'
    'x-ms-client-request-id': 'b6ad80b5-94d5-11f1-adcf-94c6917cf59f'
    'x-ms-version': 'REDACTED'
    'x-ms-delete-type-permanent': 'REDACTED'
    'Date': 'Mon, 10 Aug 2026 16:08:23 GMT'
21:38:23 | INFO    | app.pipeline.runner.run_pipeline | [02_tender_mini_version.pdf] -> notify
21:38:23 | INFO    | azure.core.pipeline.policies.http_logging_policy.on_request | Request URL: 'https://inst-communication.india.communication.azure.com/emails:send?api-version=2025-09-01'
Request method: 'POST'
Request headers:
    'Content-Type': 'application/json'
    'Content-Length': '779'
    'Accept': 'application/json'
    'x-ms-client-request-id': 'b6b9f1d0-94d5-11f1-88b4-94c6917cf59f'
    'User-Agent': 'azsdk-python-communication-email/1.1.0 Python/3.11.9 (Windows-10-10.0.22621-SP0)'
    'x-ms-date': 'REDACTED'
    'x-ms-content-sha256': 'REDACTED'
    'x-ms-return-client-request-id': 'true'
    'Authorization': 'REDACTED'
A body is sent with the request
21:38:25 | INFO    | azure.core.pipeline.policies.http_logging_policy.on_response | Response status: 202
Response headers:
    'Date': 'Mon, 10 Aug 2026 16:08:25 GMT'
    'Content-Type': 'application/json; charset=utf-8'
    'Content-Length': '77'
    'Connection': 'keep-alive'
    'Retry-After': '3'
    'MS-CV': 'REDACTED'
    'Operation-Location': 'REDACTED'
    'api-supported-versions': 'REDACTED'
    'x-azure-ref': 'REDACTED'
    'Strict-Transport-Security': 'REDACTED'
    'X-Cache': 'REDACTED'
21:38:25 | INFO    | azure.core.pipeline.policies.http_logging_policy.on_request | Request URL: 'https://inst-communication.india.communication.azure.com/emails/operations/26ad33d3-84d1-43dc-8f10-c2902b98f769?api-version=2025-09-01'
Request method: 'GET'
Request headers:
    'x-ms-client-request-id': 'b6b9f1d0-94d5-11f1-88b4-94c6917cf59f'
    'User-Agent': 'azsdk-python-communication-email/1.1.0 Python/3.11.9 (Windows-10-10.0.22621-SP0)'
    'x-ms-date': 'REDACTED'
    'x-ms-content-sha256': 'REDACTED'
    'x-ms-return-client-request-id': 'true'
    'Authorization': 'REDACTED'
No body was attached to the request
21:38:25 | INFO    | azure.core.pipeline.policies.http_logging_policy.on_response | Response status: 200
Response headers:
    'Date': 'Mon, 10 Aug 2026 16:08:25 GMT'
    'Content-Type': 'application/json; charset=utf-8'
    'Content-Length': '77'
    'Connection': 'keep-alive'
    'Retry-After': '3'
    'MS-CV': 'REDACTED'
    'api-supported-versions': 'REDACTED'
    'x-azure-ref': 'REDACTED'
    'Strict-Transport-Security': 'REDACTED'
    'X-Cache': 'REDACTED'
    'Accept-Ranges': 'REDACTED'
21:38:28 | INFO    | azure.core.pipeline.policies.http_logging_policy.on_request | Request URL: 'https://inst-communication.india.communication.azure.com/emails/operations/26ad33d3-84d1-43dc-8f10-c2902b98f769?api-version=2025-09-01'
Request method: 'GET'
Request headers:
    'x-ms-client-request-id': 'b6b9f1d0-94d5-11f1-88b4-94c6917cf59f'
    'User-Agent': 'azsdk-python-communication-email/1.1.0 Python/3.11.9 (Windows-10-10.0.22621-SP0)'
    'x-ms-date': 'REDACTED'
    'x-ms-content-sha256': 'REDACTED'
    'x-ms-return-client-request-id': 'true'
    'Authorization': 'REDACTED'
No body was attached to the request
21:38:28 | INFO    | azure.core.pipeline.policies.http_logging_policy.on_response | Response status: 200
Response headers:
    'Date': 'Mon, 10 Aug 2026 16:08:28 GMT'
    'Content-Type': 'application/json; charset=utf-8'
    'Content-Length': '77'
    'Connection': 'keep-alive'
    'Retry-After': '3'
    'MS-CV': 'REDACTED'
    'api-supported-versions': 'REDACTED'
    'x-azure-ref': 'REDACTED'
    'Strict-Transport-Security': 'REDACTED'
    'X-Cache': 'REDACTED'
    'Accept-Ranges': 'REDACTED'
21:38:31 | INFO    | azure.core.pipeline.policies.http_logging_policy.on_request | Request URL: 'https://inst-communication.india.communication.azure.com/emails/operations/26ad33d3-84d1-43dc-8f10-c2902b98f769?api-version=2025-09-01'
Request method: 'GET'
Request headers:
    'x-ms-client-request-id': 'b6b9f1d0-94d5-11f1-88b4-94c6917cf59f'
    'User-Agent': 'azsdk-python-communication-email/1.1.0 Python/3.11.9 (Windows-10-10.0.22621-SP0)'
    'x-ms-date': 'REDACTED'
    'x-ms-content-sha256': 'REDACTED'
    'x-ms-return-client-request-id': 'true'
    'Authorization': 'REDACTED'
No body was attached to the request
21:38:31 | INFO    | azure.core.pipeline.policies.http_logging_policy.on_response | Response status: 200
Response headers:
    'Date': 'Mon, 10 Aug 2026 16:08:31 GMT'
    'Content-Type': 'application/json; charset=utf-8'
    'Content-Length': '77'
    'Connection': 'keep-alive'
    'Retry-After': '3'
    'MS-CV': 'REDACTED'
    'api-supported-versions': 'REDACTED'
    'x-azure-ref': 'REDACTED'
    'Strict-Transport-Security': 'REDACTED'
    'X-Cache': 'REDACTED'
    'Accept-Ranges': 'REDACTED'
21:38:34 | INFO    | azure.core.pipeline.policies.http_logging_policy.on_request | Request URL: 'https://inst-communication.india.communication.azure.com/emails/operations/26ad33d3-84d1-43dc-8f10-c2902b98f769?api-version=2025-09-01'
Request method: 'GET'
Request headers:
    'x-ms-client-request-id': 'b6b9f1d0-94d5-11f1-88b4-94c6917cf59f'
    'User-Agent': 'azsdk-python-communication-email/1.1.0 Python/3.11.9 (Windows-10-10.0.22621-SP0)'
    'x-ms-date': 'REDACTED'
    'x-ms-content-sha256': 'REDACTED'
    'x-ms-return-client-request-id': 'true'
    'Authorization': 'REDACTED'
No body was attached to the request
21:38:34 | INFO    | azure.core.pipeline.policies.http_logging_policy.on_response | Response status: 200
Response headers:
    'Date': 'Mon, 10 Aug 2026 16:08:35 GMT'
    'Content-Type': 'application/json; charset=utf-8'
    'Content-Length': '79'
    'Connection': 'keep-alive'
    'MS-CV': 'REDACTED'
    'api-supported-versions': 'REDACTED'
    'x-azure-ref': 'REDACTED'
    'Strict-Transport-Security': 'REDACTED'
    'X-Cache': 'REDACTED'
    'Accept-Ranges': 'REDACTED'
21:38:34 | INFO    | app.services.email_service.send_email_through_azure | Email sent to ash322.ash422@gmail.com via Azure Communication Services.
21:38:35 | INFO    | app.pipeline.runner.run_pipeline | [02_tender_mini_version.pdf] pipeline completed -> https://storetender.blob.core.windows.net/automation-file-processed/02_tender_mini_version.xlsx?se=2026-08-11T16%3A08%3A23Z&sp=r&sv=2026-06-06&sr=b&sig=Dhyn7ILyDcT85jYdrLS3s25p7y2SlOWJmV0pbC3Q1Y0%3D
00:13:45 | INFO    | __main__.main | Processing 1 tender(s): ['01_tender_mini_version.pdf']
00:13:45 | INFO    | app.pipeline.runner.run_pipeline | [01_tender_mini_version.pdf] -> extract_index
00:13:45 | ERROR   | app.pipeline.runner.run_pipeline | [01_tender_mini_version.pdf] stage 'extract_index' failed
Traceback (most recent call last):
  File "C:\Users\hi\Desktop\projects\python_projects\tutorial\play_langchain_llamaindex_langgraph\TenderExtractor\app\pipeline\runner.py", line 51, in run_pipeline
    stage_fn(ctx)
  File "C:\Users\hi\Desktop\projects\python_projects\tutorial\play_langchain_llamaindex_langgraph\TenderExtractor\app\pipeline\stages.py", line 125, in stage_extract_index_data
    ctx.extracted_index_data = index_data_service.extract_data(pages)
                               ^^^^^^^^^^^^^^^^^^
NameError: name 'index_data_service' is not defined
00:13:45 | INFO    | __main__.main | Done: 0 succeeded, 1 failed.
00:13:45 | WARNING | __main__.main | Failed: ['01_tender_mini_version.pdf']
00:15:27 | INFO    | __main__.main | Processing 1 tender(s): ['01_tender_mini_version.pdf']
00:15:27 | INFO    | app.pipeline.runner.run_pipeline | [01_tender_mini_version.pdf] -> extract_index
00:15:28 | INFO    | app.pipeline.runner.run_pipeline | [01_tender_mini_version.pdf] -> extract_nit
00:15:28 | INFO    | app.pipeline.stages.stage_extract_nit_data | [01_tender_mini_version.pdf] Using Extracted NIT data found in cache: C:\Users\hi\Desktop\projects\python_projects\tutorial\play_langchain_llamaindex_langgraph\TenderExtractor\cache\01_tender_mini_version.extracted_nit.json
00:15:28 | INFO    | app.pipeline.runner.run_pipeline | [01_tender_mini_version.pdf] -> validate_nit
00:15:28 | INFO    | app.pipeline.runner.run_pipeline | [01_tender_mini_version.pdf] -> export_nit
00:15:28 | INFO    | app.pipeline.runner.run_pipeline | [01_tender_mini_version.pdf] -> extract_scanned_documents
00:15:28 | INFO    | app.pipeline.stages.stage_extract_scanned_documents_data | [01_tender_mini_version.pdf] Using Extracted 'scanned document' data found in cache: C:\Users\hi\Desktop\projects\python_projects\tutorial\play_langchain_llamaindex_langgraph\TenderExtractor\cache\01_tender_mini_version.scanned_document_requirements.json
00:15:28 | INFO    | app.pipeline.runner.run_pipeline | [01_tender_mini_version.pdf] -> export_scanned_documents
00:15:28 | INFO    | app.pipeline.stages.stage_export_scanned_documents | [01_tender_mini_version.pdf] Wrote documents-to-be-scanned list -> C:\Users\hi\Desktop\projects\python_projects\tutorial\play_langchain_llamaindex_langgraph\TenderExtractor\output\01_tender_mini_version_scanned_document_requirements.xlsx
00:15:28 | INFO    | app.pipeline.runner.run_pipeline | [01_tender_mini_version.pdf] -> extract_terms_conditions
00:15:28 | INFO    | app.pipeline.stages.stage_extract_terms_conditions_data | [01_tender_mini_version.pdf] Using extracted 'terms and conditions' data found in cache: C:\Users\hi\Desktop\projects\python_projects\tutorial\play_langchain_llamaindex_langgraph\TenderExtractor\cache\01_tender_mini_version.terms_conditions.json
00:15:28 | INFO    | app.pipeline.runner.run_pipeline | [01_tender_mini_version.pdf] -> export_terms_conditions
00:15:28 | INFO    | app.pipeline.stages.stage_export_terms_conditions | [01_tender_mini_version.pdf] Wrote terms & conditions -> C:\Users\hi\Desktop\projects\python_projects\tutorial\play_langchain_llamaindex_langgraph\TenderExtractor\output\01_tender_mini_version_terms_conditions.xlsx
00:15:28 | INFO    | app.pipeline.runner.run_pipeline | [01_tender_mini_version.pdf] -> consolidate_all_excels
00:15:28 | INFO    | app.pipeline.stages.stage_consolidate_all_excels | [01_tender_mini_version.pdf] Wrote consolidated excel -> C:\Users\hi\Desktop\projects\python_projects\tutorial\play_langchain_llamaindex_langgraph\TenderExtractor\output\01_tender_mini_version.xlsx
00:15:28 | INFO    | app.pipeline.runner.run_pipeline | [01_tender_mini_version.pdf] pipeline completed -> None
00:15:28 | INFO    | __main__.main | Done: 1 succeeded, 0 failed.
00:16:58 | INFO    | __main__.main | Processing 1 tender(s): ['02_tender_mini_version.pdf']
00:16:58 | INFO    | app.pipeline.runner.run_pipeline | [02_tender_mini_version.pdf] -> extract_index
00:16:58 | INFO    | app.pipeline.runner.run_pipeline | [02_tender_mini_version.pdf] -> extract_nit
00:16:58 | INFO    | app.pipeline.stages.stage_extract_nit_data | [02_tender_mini_version.pdf] Using Extracted NIT data found in cache: C:\Users\hi\Desktop\projects\python_projects\tutorial\play_langchain_llamaindex_langgraph\TenderExtractor\cache\02_tender_mini_version.extracted_nit.json
00:16:58 | INFO    | app.pipeline.runner.run_pipeline | [02_tender_mini_version.pdf] -> validate_nit
00:16:58 | INFO    | app.pipeline.runner.run_pipeline | [02_tender_mini_version.pdf] -> export_nit
00:16:58 | INFO    | app.pipeline.runner.run_pipeline | [02_tender_mini_version.pdf] -> extract_scanned_documents
00:16:58 | INFO    | app.pipeline.stages.stage_extract_scanned_documents_data | [02_tender_mini_version.pdf] Using Extracted 'scanned document' data found in cache: C:\Users\hi\Desktop\projects\python_projects\tutorial\play_langchain_llamaindex_langgraph\TenderExtractor\cache\02_tender_mini_version.scanned_document_requirements.json
00:16:58 | INFO    | app.pipeline.runner.run_pipeline | [02_tender_mini_version.pdf] -> export_scanned_documents
00:16:58 | INFO    | app.pipeline.stages.stage_export_scanned_documents | [02_tender_mini_version.pdf] Wrote documents-to-be-scanned list -> C:\Users\hi\Desktop\projects\python_projects\tutorial\play_langchain_llamaindex_langgraph\TenderExtractor\output\02_tender_mini_version_scanned_document_requirements.xlsx
00:16:58 | INFO    | app.pipeline.runner.run_pipeline | [02_tender_mini_version.pdf] -> extract_terms_conditions
00:16:58 | INFO    | app.pipeline.stages.stage_extract_terms_conditions_data | [02_tender_mini_version.pdf] Using extracted 'terms and conditions' data found in cache: C:\Users\hi\Desktop\projects\python_projects\tutorial\play_langchain_llamaindex_langgraph\TenderExtractor\cache\02_tender_mini_version.terms_conditions.json
00:16:58 | INFO    | app.pipeline.runner.run_pipeline | [02_tender_mini_version.pdf] -> export_terms_conditions
00:16:58 | INFO    | app.pipeline.stages.stage_export_terms_conditions | [02_tender_mini_version.pdf] Wrote terms & conditions -> C:\Users\hi\Desktop\projects\python_projects\tutorial\play_langchain_llamaindex_langgraph\TenderExtractor\output\02_tender_mini_version_terms_conditions.xlsx
00:16:58 | INFO    | app.pipeline.runner.run_pipeline | [02_tender_mini_version.pdf] -> consolidate_all_excels
00:16:58 | INFO    | app.pipeline.stages.stage_consolidate_all_excels | [02_tender_mini_version.pdf] Wrote consolidated excel -> C:\Users\hi\Desktop\projects\python_projects\tutorial\play_langchain_llamaindex_langgraph\TenderExtractor\output\02_tender_mini_version.xlsx
00:16:58 | INFO    | app.pipeline.runner.run_pipeline | [02_tender_mini_version.pdf] pipeline completed -> None
00:16:58 | INFO    | __main__.main | Done: 1 succeeded, 0 failed.
00:18:00 | INFO    | __main__.main | Processing 1 tender(s): ['03_tender_mini_version.pdf']
00:18:00 | INFO    | app.pipeline.runner.run_pipeline | [03_tender_mini_version.pdf] -> extract_index
00:18:00 | ERROR   | app.pipeline.runner.run_pipeline | [03_tender_mini_version.pdf] stage 'extract_index' failed
Traceback (most recent call last):
  File "C:\Users\hi\Desktop\projects\python_projects\tutorial\play_langchain_llamaindex_langgraph\TenderExtractor\app\pipeline\runner.py", line 51, in run_pipeline
    stage_fn(ctx)
  File "C:\Users\hi\Desktop\projects\python_projects\tutorial\play_langchain_llamaindex_langgraph\TenderExtractor\app\pipeline\stages.py", line 125, in stage_extract_index_data
    pages = _get_pages(ctx)
            ^^^^^^^^^^^^^^^
  File "C:\Users\hi\Desktop\projects\python_projects\tutorial\play_langchain_llamaindex_langgraph\TenderExtractor\app\pipeline\stages.py", line 57, in _get_pages
    raise FileNotFoundError(
FileNotFoundError: No OCR data available for 03_tender_mini_version.pdf (ctx.document_data is empty and C:\Users\hi\Desktop\projects\python_projects\tutorial\play_langchain_llamaindex_langgraph\TenderExtractor\cache\03_tender_mini_version.ocr.json does not exist)
00:18:00 | INFO    | __main__.main | Done: 0 succeeded, 1 failed.
00:18:00 | WARNING | __main__.main | Failed: ['03_tender_mini_version.pdf']
01:17:15 | INFO    | httpx._send_single_request | HTTP Request: POST https://fndry-openai.services.ai.azure.com/openai/v1/chat/completions "HTTP/1.1 200 OK"
01:20:24 | INFO    | __main__.main | Processing 1 tender(s): ['01_tender_mini_version.pdf']
01:20:24 | INFO    | app.pipeline.runner.run_pipeline | [01_tender_mini_version.pdf] -> ingest
01:20:24 | INFO    | azure.core.pipeline.policies.http_logging_policy.on_request | Request URL: 'https://storetender.blob.core.windows.net/automation-container?restype=REDACTED'
Request method: 'PUT'
Request headers:
    'x-ms-version': 'REDACTED'
    'Accept': 'application/xml'
    'User-Agent': 'azsdk-python-storage-blob/12.30.0 Python/3.11.9 (Windows-10-10.0.22621-SP0)'
    'x-ms-date': 'REDACTED'
    'x-ms-client-request-id': 'ba917286-94f4-11f1-8c2b-94c6917cf59f'
    'Authorization': 'REDACTED'
No body was attached to the request
01:20:25 | INFO    | azure.core.pipeline.policies.http_logging_policy.on_response | Response status: 409
Response headers:
    'Content-Length': '230'
    'Content-Type': 'application/xml'
    'Server': 'Windows-Azure-Blob/1.0 Microsoft-HTTPAPI/2.0'
    'x-ms-request-id': '15085060-601e-0065-1801-295099000000'
    'x-ms-client-request-id': 'ba917286-94f4-11f1-8c2b-94c6917cf59f'
    'x-ms-version': 'REDACTED'
    'x-ms-error-code': 'ContainerAlreadyExists'
    'Date': 'Mon, 10 Aug 2026 19:50:24 GMT'
01:20:25 | INFO    | azure.core.pipeline.policies.http_logging_policy.on_request | Request URL: 'https://storetender.blob.core.windows.net/automation-container/01_tender_mini_version.pdf'
Request method: 'HEAD'
Request headers:
    'x-ms-version': 'REDACTED'
    'Accept': 'application/xml'
    'User-Agent': 'azsdk-python-storage-blob/12.30.0 Python/3.11.9 (Windows-10-10.0.22621-SP0)'
    'x-ms-date': 'REDACTED'
    'x-ms-client-request-id': 'bb055c7f-94f4-11f1-b80b-94c6917cf59f'
    'Authorization': 'REDACTED'
No body was attached to the request
01:20:25 | INFO    | azure.core.pipeline.policies.http_logging_policy.on_response | Response status: 404
Response headers:
    'Transfer-Encoding': 'chunked'
    'Server': 'Windows-Azure-Blob/1.0 Microsoft-HTTPAPI/2.0'
    'x-ms-request-id': '15085091-601e-0065-4601-295099000000'
    'x-ms-client-request-id': 'bb055c7f-94f4-11f1-b80b-94c6917cf59f'
    'x-ms-version': 'REDACTED'
    'x-ms-is-soft-deleted': 'REDACTED'
    'x-ms-error-code': 'BlobNotFound'
    'Date': 'Mon, 10 Aug 2026 19:50:25 GMT'
01:20:25 | INFO    | azure.core.pipeline.policies.http_logging_policy.on_request | Request URL: 'https://storetender.blob.core.windows.net/automation-container/01_tender_mini_version.pdf'
Request method: 'PUT'
Request headers:
    'Content-Length': '176962'
    'x-ms-blob-type': 'REDACTED'
    'x-ms-version': 'REDACTED'
    'Content-Type': 'application/octet-stream'
    'Accept': 'application/xml'
    'User-Agent': 'azsdk-python-storage-blob/12.30.0 Python/3.11.9 (Windows-10-10.0.22621-SP0)'
    'x-ms-date': 'REDACTED'
    'x-ms-client-request-id': 'bb0eb116-94f4-11f1-9e09-94c6917cf59f'
    'Authorization': 'REDACTED'
A body is sent with the request
01:20:25 | INFO    | azure.core.pipeline.policies.http_logging_policy.on_response | Response status: 201
Response headers:
    'Content-Length': '0'
    'Content-MD5': 'REDACTED'
    'Last-Modified': 'Mon, 10 Aug 2026 19:50:26 GMT'
    'ETag': '"0x8DEF7189F8162B2"'
    'Server': 'Windows-Azure-Blob/1.0 Microsoft-HTTPAPI/2.0'
    'x-ms-request-id': '150850bf-601e-0065-7201-295099000000'
    'x-ms-client-request-id': 'bb0eb116-94f4-11f1-9e09-94c6917cf59f'
    'x-ms-version': 'REDACTED'
    'x-ms-content-crc64': 'REDACTED'
    'x-ms-request-server-encrypted': 'REDACTED'
    'Date': 'Mon, 10 Aug 2026 19:50:25 GMT'
01:20:25 | INFO    | app.services.blob_storage.upload_file | Uploaded 01_tender_mini_version.pdf
01:20:25 | INFO    | app.pipeline.runner.run_pipeline | [01_tender_mini_version.pdf] -> ocr
01:20:25 | INFO    | app.pipeline.stages.stage_ocr | [01_tender_mini_version.pdf] OCR data found in cache and using it: C:\Users\hi\Desktop\projects\python_projects\tutorial\play_langchain_llamaindex_langgraph\TenderExtractor\cache\01_tender_mini_version.ocr.json
01:20:25 | INFO    | app.pipeline.runner.run_pipeline | [01_tender_mini_version.pdf] -> extract_index
01:20:25 | INFO    | app.pipeline.stages.stage_extract_index_data | [01_tender_mini_version.pdf] Using extracted 'index' data found in cache: C:\Users\hi\Desktop\projects\python_projects\tutorial\play_langchain_llamaindex_langgraph\TenderExtractor\cache\01_tender_mini_version.index.json
01:20:25 | INFO    | app.pipeline.runner.run_pipeline | [01_tender_mini_version.pdf] -> extract_nit
01:20:25 | INFO    | app.pipeline.stages.stage_extract_nit_data | [01_tender_mini_version.pdf] Using Extracted NIT data found in cache: C:\Users\hi\Desktop\projects\python_projects\tutorial\play_langchain_llamaindex_langgraph\TenderExtractor\cache\01_tender_mini_version.extracted_nit.json
01:20:25 | INFO    | app.pipeline.runner.run_pipeline | [01_tender_mini_version.pdf] -> validate_nit
01:20:25 | INFO    | app.pipeline.runner.run_pipeline | [01_tender_mini_version.pdf] -> export_nit
01:20:26 | INFO    | app.pipeline.runner.run_pipeline | [01_tender_mini_version.pdf] -> extract_scanned_documents
01:20:26 | INFO    | app.pipeline.stages.stage_extract_scanned_documents_data | [01_tender_mini_version.pdf] Using Extracted 'scanned document' data found in cache: C:\Users\hi\Desktop\projects\python_projects\tutorial\play_langchain_llamaindex_langgraph\TenderExtractor\cache\01_tender_mini_version.scanned_document_requirements.json
01:20:26 | INFO    | app.pipeline.runner.run_pipeline | [01_tender_mini_version.pdf] -> export_scanned_documents
01:20:26 | INFO    | app.pipeline.stages.stage_export_scanned_documents | [01_tender_mini_version.pdf] Wrote documents-to-be-scanned list -> C:\Users\hi\Desktop\projects\python_projects\tutorial\play_langchain_llamaindex_langgraph\TenderExtractor\output\01_tender_mini_version_scanned_document_requirements.xlsx
01:20:26 | INFO    | app.pipeline.runner.run_pipeline | [01_tender_mini_version.pdf] -> extract_terms_conditions
01:20:26 | INFO    | app.pipeline.stages.stage_extract_terms_conditions_data | [01_tender_mini_version.pdf] Using extracted 'terms and conditions' data found in cache: C:\Users\hi\Desktop\projects\python_projects\tutorial\play_langchain_llamaindex_langgraph\TenderExtractor\cache\01_tender_mini_version.terms_conditions.json
01:20:26 | INFO    | app.pipeline.runner.run_pipeline | [01_tender_mini_version.pdf] -> export_terms_conditions
01:20:26 | INFO    | app.pipeline.stages.stage_export_terms_conditions | [01_tender_mini_version.pdf] Wrote terms & conditions -> C:\Users\hi\Desktop\projects\python_projects\tutorial\play_langchain_llamaindex_langgraph\TenderExtractor\output\01_tender_mini_version_terms_conditions.xlsx
01:20:26 | INFO    | app.pipeline.runner.run_pipeline | [01_tender_mini_version.pdf] -> consolidate_all_excels
01:20:26 | INFO    | app.pipeline.stages.stage_consolidate_all_excels | [01_tender_mini_version.pdf] Wrote consolidated excel -> C:\Users\hi\Desktop\projects\python_projects\tutorial\play_langchain_llamaindex_langgraph\TenderExtractor\output\01_tender_mini_version.xlsx
01:20:26 | INFO    | app.pipeline.runner.run_pipeline | [01_tender_mini_version.pdf] -> publish
01:20:26 | INFO    | azure.core.pipeline.policies.http_logging_policy.on_request | Request URL: 'https://storetender.blob.core.windows.net/automation-file-processed?restype=REDACTED'
Request method: 'PUT'
Request headers:
    'x-ms-version': 'REDACTED'
    'Accept': 'application/xml'
    'User-Agent': 'azsdk-python-storage-blob/12.30.0 Python/3.11.9 (Windows-10-10.0.22621-SP0)'
    'x-ms-date': 'REDACTED'
    'x-ms-client-request-id': 'bb88586a-94f4-11f1-88f0-94c6917cf59f'
    'Authorization': 'REDACTED'
No body was attached to the request
01:20:27 | INFO    | azure.core.pipeline.policies.http_logging_policy.on_response | Response status: 409
Response headers:
    'Content-Length': '230'
    'Content-Type': 'application/xml'
    'Server': 'Windows-Azure-Blob/1.0 Microsoft-HTTPAPI/2.0'
    'x-ms-request-id': '39e47c58-401e-0086-0a01-293264000000'
    'x-ms-client-request-id': 'bb88586a-94f4-11f1-88f0-94c6917cf59f'
    'x-ms-version': 'REDACTED'
    'x-ms-error-code': 'ContainerAlreadyExists'
    'Date': 'Mon, 10 Aug 2026 19:50:26 GMT'
01:20:27 | INFO    | azure.core.pipeline.policies.http_logging_policy.on_request | Request URL: 'https://storetender.blob.core.windows.net/automation-file-processed/01_tender_mini_version.xlsx'
Request method: 'PUT'
Request headers:
    'Content-Length': '8602'
    'x-ms-blob-type': 'REDACTED'
    'x-ms-version': 'REDACTED'
    'Content-Type': 'application/octet-stream'
    'Accept': 'application/xml'
    'User-Agent': 'azsdk-python-storage-blob/12.30.0 Python/3.11.9 (Windows-10-10.0.22621-SP0)'
    'x-ms-date': 'REDACTED'
    'x-ms-client-request-id': 'bc04f858-94f4-11f1-83d8-94c6917cf59f'
    'Authorization': 'REDACTED'
A body is sent with the request
01:20:27 | INFO    | azure.core.pipeline.policies.http_logging_policy.on_response | Response status: 201
Response headers:
    'Content-Length': '0'
    'Content-MD5': 'REDACTED'
    'Last-Modified': 'Mon, 10 Aug 2026 19:50:27 GMT'
    'ETag': '"0x8DEF718A073BE54"'
    'Server': 'Windows-Azure-Blob/1.0 Microsoft-HTTPAPI/2.0'
    'x-ms-request-id': '39e47ca5-401e-0086-4b01-293264000000'
    'x-ms-client-request-id': 'bc04f858-94f4-11f1-83d8-94c6917cf59f'
    'x-ms-version': 'REDACTED'
    'x-ms-content-crc64': 'REDACTED'
    'x-ms-request-server-encrypted': 'REDACTED'
    'Date': 'Mon, 10 Aug 2026 19:50:26 GMT'
01:20:27 | INFO    | app.services.blob_storage.upload_file | Uploaded 01_tender_mini_version.xlsx
01:20:27 | INFO    | azure.core.pipeline.policies.http_logging_policy.on_request | Request URL: 'https://storetender.blob.core.windows.net/automation-container/01_tender_mini_version.pdf'
Request method: 'HEAD'
Request headers:
    'x-ms-version': 'REDACTED'
    'Accept': 'application/xml'
    'User-Agent': 'azsdk-python-storage-blob/12.30.0 Python/3.11.9 (Windows-10-10.0.22621-SP0)'
    'x-ms-date': 'REDACTED'
    'x-ms-client-request-id': 'bc191559-94f4-11f1-9cce-94c6917cf59f'
    'Authorization': 'REDACTED'
No body was attached to the request
01:20:27 | INFO    | azure.core.pipeline.policies.http_logging_policy.on_response | Response status: 200
Response headers:
    'Content-Length': '176962'
    'Content-Type': 'application/octet-stream'
    'Content-MD5': 'REDACTED'
    'Last-Modified': 'Mon, 10 Aug 2026 19:50:26 GMT'
    'Accept-Ranges': 'REDACTED'
    'ETag': '"0x8DEF7189F8162B2"'
    'Server': 'Windows-Azure-Blob/1.0 Microsoft-HTTPAPI/2.0'
    'x-ms-request-id': '39e47d15-401e-0086-3401-293264000000'
    'x-ms-client-request-id': 'bc191559-94f4-11f1-9cce-94c6917cf59f'
    'x-ms-version': 'REDACTED'
    'x-ms-creation-time': 'REDACTED'
    'x-ms-lease-status': 'REDACTED'
    'x-ms-lease-state': 'REDACTED'
    'x-ms-blob-type': 'REDACTED'
    'x-ms-server-encrypted': 'REDACTED'
    'x-ms-access-tier': 'REDACTED'
    'x-ms-access-tier-inferred': 'REDACTED'
    'Date': 'Mon, 10 Aug 2026 19:50:27 GMT'
01:20:27 | INFO    | azure.core.pipeline.policies.http_logging_policy.on_request | Request URL: 'https://storetender.blob.core.windows.net/automation-file-processed/01_tender_mini_version.pdf'
Request method: 'PUT'
Request headers:
    'x-ms-copy-source': 'REDACTED'
    'x-ms-version': 'REDACTED'
    'Accept': 'application/xml'
    'User-Agent': 'azsdk-python-storage-blob/12.30.0 Python/3.11.9 (Windows-10-10.0.22621-SP0)'
    'x-ms-date': 'REDACTED'
    'x-ms-client-request-id': 'bc1fd573-94f4-11f1-939c-94c6917cf59f'
    'Authorization': 'REDACTED'
No body was attached to the request
01:20:27 | INFO    | azure.core.pipeline.policies.http_logging_policy.on_response | Response status: 202
Response headers:
    'Content-Length': '0'
    'Last-Modified': 'Mon, 10 Aug 2026 19:50:27 GMT'
    'ETag': '"0x8DEF718A0831667"'
    'Server': 'Windows-Azure-Blob/1.0 Microsoft-HTTPAPI/2.0'
    'x-ms-request-id': '39e47d3e-401e-0086-5c01-293264000000'
    'x-ms-client-request-id': 'bc1fd573-94f4-11f1-939c-94c6917cf59f'
    'x-ms-version': 'REDACTED'
    'x-ms-copy-id': 'REDACTED'
    'x-ms-copy-status': 'REDACTED'
    'Date': 'Mon, 10 Aug 2026 19:50:27 GMT'
01:20:27 | INFO    | azure.core.pipeline.policies.http_logging_policy.on_request | Request URL: 'https://storetender.blob.core.windows.net/automation-container/01_tender_mini_version.pdf'
Request method: 'DELETE'
Request headers:
    'x-ms-version': 'REDACTED'
    'Accept': 'application/xml'
    'User-Agent': 'azsdk-python-storage-blob/12.30.0 Python/3.11.9 (Windows-10-10.0.22621-SP0)'
    'x-ms-date': 'REDACTED'
    'x-ms-client-request-id': 'bc279d7a-94f4-11f1-a242-94c6917cf59f'
    'Authorization': 'REDACTED'
No body was attached to the request
01:20:27 | INFO    | azure.core.pipeline.policies.http_logging_policy.on_response | Response status: 202
Response headers:
    'Content-Length': '0'
    'Server': 'Windows-Azure-Blob/1.0 Microsoft-HTTPAPI/2.0'
    'x-ms-request-id': '39e47d72-401e-0086-0c01-293264000000'
    'x-ms-client-request-id': 'bc279d7a-94f4-11f1-a242-94c6917cf59f'
    'x-ms-version': 'REDACTED'
    'x-ms-delete-type-permanent': 'REDACTED'
    'Date': 'Mon, 10 Aug 2026 19:50:27 GMT'
01:20:27 | INFO    | app.pipeline.runner.run_pipeline | [01_tender_mini_version.pdf] -> notify
01:20:27 | INFO    | azure.core.pipeline.policies.http_logging_policy.on_request | Request URL: 'https://inst-communication.india.communication.azure.com/emails:send?api-version=2025-09-01'
Request method: 'POST'
Request headers:
    'Content-Type': 'application/json'
    'Content-Length': '779'
    'Accept': 'application/json'
    'x-ms-client-request-id': 'bc340978-94f4-11f1-9637-94c6917cf59f'
    'User-Agent': 'azsdk-python-communication-email/1.1.0 Python/3.11.9 (Windows-10-10.0.22621-SP0)'
    'x-ms-date': 'REDACTED'
    'x-ms-content-sha256': 'REDACTED'
    'x-ms-return-client-request-id': 'true'
    'Authorization': 'REDACTED'
A body is sent with the request
01:20:28 | INFO    | azure.core.pipeline.policies.http_logging_policy.on_response | Response status: 202
Response headers:
    'Date': 'Mon, 10 Aug 2026 19:50:29 GMT'
    'Content-Type': 'application/json; charset=utf-8'
    'Content-Length': '77'
    'Connection': 'keep-alive'
    'Retry-After': '3'
    'MS-CV': 'REDACTED'
    'Operation-Location': 'REDACTED'
    'api-supported-versions': 'REDACTED'
    'x-azure-ref': 'REDACTED'
    'Strict-Transport-Security': 'REDACTED'
    'X-Cache': 'REDACTED'
01:20:28 | INFO    | azure.core.pipeline.policies.http_logging_policy.on_request | Request URL: 'https://inst-communication.india.communication.azure.com/emails/operations/8824c672-8e94-4368-b1f6-61e1993c866d?api-version=2025-09-01'
Request method: 'GET'
Request headers:
    'x-ms-client-request-id': 'bc340978-94f4-11f1-9637-94c6917cf59f'
    'User-Agent': 'azsdk-python-communication-email/1.1.0 Python/3.11.9 (Windows-10-10.0.22621-SP0)'
    'x-ms-date': 'REDACTED'
    'x-ms-content-sha256': 'REDACTED'
    'x-ms-return-client-request-id': 'true'
    'Authorization': 'REDACTED'
No body was attached to the request
01:20:29 | INFO    | azure.core.pipeline.policies.http_logging_policy.on_response | Response status: 200
Response headers:
    'Date': 'Mon, 10 Aug 2026 19:50:29 GMT'
    'Content-Type': 'application/json; charset=utf-8'
    'Content-Length': '77'
    'Connection': 'keep-alive'
    'Retry-After': '3'
    'MS-CV': 'REDACTED'
    'api-supported-versions': 'REDACTED'
    'x-azure-ref': 'REDACTED'
    'Strict-Transport-Security': 'REDACTED'
    'X-Cache': 'REDACTED'
    'Accept-Ranges': 'REDACTED'
01:20:32 | INFO    | azure.core.pipeline.policies.http_logging_policy.on_request | Request URL: 'https://inst-communication.india.communication.azure.com/emails/operations/8824c672-8e94-4368-b1f6-61e1993c866d?api-version=2025-09-01'
Request method: 'GET'
Request headers:
    'x-ms-client-request-id': 'bc340978-94f4-11f1-9637-94c6917cf59f'
    'User-Agent': 'azsdk-python-communication-email/1.1.0 Python/3.11.9 (Windows-10-10.0.22621-SP0)'
    'x-ms-date': 'REDACTED'
    'x-ms-content-sha256': 'REDACTED'
    'x-ms-return-client-request-id': 'true'
    'Authorization': 'REDACTED'
No body was attached to the request
01:20:32 | INFO    | azure.core.pipeline.policies.http_logging_policy.on_response | Response status: 200
Response headers:
    'Date': 'Mon, 10 Aug 2026 19:50:32 GMT'
    'Content-Type': 'application/json; charset=utf-8'
    'Content-Length': '79'
    'Connection': 'keep-alive'
    'MS-CV': 'REDACTED'
    'api-supported-versions': 'REDACTED'
    'x-azure-ref': 'REDACTED'
    'Strict-Transport-Security': 'REDACTED'
    'X-Cache': 'REDACTED'
    'Accept-Ranges': 'REDACTED'
01:20:32 | INFO    | app.services.email_service.send_email_through_azure | Email sent to ash322.ash422@gmail.com via Azure Communication Services.
01:20:32 | INFO    | app.pipeline.runner.run_pipeline | [01_tender_mini_version.pdf] pipeline completed -> https://storetender.blob.core.windows.net/automation-file-processed/01_tender_mini_version.xlsx?se=2026-08-11T19%3A50%3A27Z&sp=r&sv=2026-06-06&sr=b&sig=1MCaF7jBbmCvsD0FjjqAnej76rnmd0VpDEzUPiT4wFs%3D
01:20:32 | INFO    | __main__.main | Done: 1 succeeded, 0 failed.
01:24:13 | INFO    | __main__.main | Processing 1 tender(s): ['01_tender_mini_version.pdf']
01:24:13 | INFO    | app.pipeline.runner.run_pipeline | [01_tender_mini_version.pdf] -> extract_index
01:24:29 | INFO    | httpx._send_single_request | HTTP Request: POST https://fndry-openai.services.ai.azure.com/openai/v1/chat/completions "HTTP/1.1 200 OK"
01:24:29 | INFO    | app.pipeline.runner.run_pipeline | [01_tender_mini_version.pdf] -> extract_nit
01:24:29 | INFO    | app.pipeline.stages.stage_extract_nit_data | [01_tender_mini_version.pdf] Using Extracted NIT data found in cache: C:\Users\hi\Desktop\projects\python_projects\tutorial\play_langchain_llamaindex_langgraph\TenderExtractor\cache\01_tender_mini_version.extracted_nit.json
01:24:29 | INFO    | app.pipeline.runner.run_pipeline | [01_tender_mini_version.pdf] -> validate_nit
01:24:29 | INFO    | app.pipeline.runner.run_pipeline | [01_tender_mini_version.pdf] -> export_nit
01:24:29 | INFO    | app.pipeline.runner.run_pipeline | [01_tender_mini_version.pdf] -> extract_scanned_documents
01:24:29 | INFO    | app.pipeline.stages.stage_extract_scanned_documents_data | [01_tender_mini_version.pdf] Using Extracted 'scanned document' data found in cache: C:\Users\hi\Desktop\projects\python_projects\tutorial\play_langchain_llamaindex_langgraph\TenderExtractor\cache\01_tender_mini_version.scanned_document_requirements.json
01:24:29 | INFO    | app.pipeline.runner.run_pipeline | [01_tender_mini_version.pdf] -> export_scanned_documents
01:24:29 | INFO    | app.pipeline.stages.stage_export_scanned_documents | [01_tender_mini_version.pdf] Wrote documents-to-be-scanned list -> C:\Users\hi\Desktop\projects\python_projects\tutorial\play_langchain_llamaindex_langgraph\TenderExtractor\output\01_tender_mini_version_scanned_document_requirements.xlsx
01:24:29 | INFO    | app.pipeline.runner.run_pipeline | [01_tender_mini_version.pdf] -> extract_terms_conditions
01:24:29 | INFO    | app.pipeline.stages.stage_extract_terms_conditions_data | [01_tender_mini_version.pdf] Using extracted 'terms and conditions' data found in cache: C:\Users\hi\Desktop\projects\python_projects\tutorial\play_langchain_llamaindex_langgraph\TenderExtractor\cache\01_tender_mini_version.terms_conditions.json
01:24:29 | INFO    | app.pipeline.runner.run_pipeline | [01_tender_mini_version.pdf] -> export_terms_conditions
01:24:29 | INFO    | app.pipeline.stages.stage_export_terms_conditions | [01_tender_mini_version.pdf] Wrote terms & conditions -> C:\Users\hi\Desktop\projects\python_projects\tutorial\play_langchain_llamaindex_langgraph\TenderExtractor\output\01_tender_mini_version_terms_conditions.xlsx
01:24:29 | INFO    | app.pipeline.runner.run_pipeline | [01_tender_mini_version.pdf] -> consolidate_all_excels
01:24:29 | INFO    | app.pipeline.stages.stage_consolidate_all_excels | [01_tender_mini_version.pdf] Wrote consolidated excel -> C:\Users\hi\Desktop\projects\python_projects\tutorial\play_langchain_llamaindex_langgraph\TenderExtractor\output\01_tender_mini_version.xlsx
01:24:29 | INFO    | app.pipeline.runner.run_pipeline | [01_tender_mini_version.pdf] pipeline completed -> None
01:24:29 | INFO    | __main__.main | Done: 1 succeeded, 0 failed.
01:26:05 | INFO    | __main__.main | Processing 1 tender(s): ['02_tender_mini_version.pdf']
01:26:05 | INFO    | app.pipeline.runner.run_pipeline | [02_tender_mini_version.pdf] -> extract_index
01:26:12 | INFO    | httpx._send_single_request | HTTP Request: POST https://fndry-openai.services.ai.azure.com/openai/v1/chat/completions "HTTP/1.1 200 OK"
01:26:12 | INFO    | app.pipeline.runner.run_pipeline | [02_tender_mini_version.pdf] -> extract_nit
01:26:12 | INFO    | app.pipeline.stages.stage_extract_nit_data | [02_tender_mini_version.pdf] Using Extracted NIT data found in cache: C:\Users\hi\Desktop\projects\python_projects\tutorial\play_langchain_llamaindex_langgraph\TenderExtractor\cache\02_tender_mini_version.extracted_nit.json
01:26:12 | INFO    | app.pipeline.runner.run_pipeline | [02_tender_mini_version.pdf] -> validate_nit
01:26:12 | INFO    | app.pipeline.runner.run_pipeline | [02_tender_mini_version.pdf] -> export_nit
01:26:12 | INFO    | app.pipeline.runner.run_pipeline | [02_tender_mini_version.pdf] -> extract_scanned_documents
01:26:12 | INFO    | app.pipeline.stages.stage_extract_scanned_documents_data | [02_tender_mini_version.pdf] Using Extracted 'scanned document' data found in cache: C:\Users\hi\Desktop\projects\python_projects\tutorial\play_langchain_llamaindex_langgraph\TenderExtractor\cache\02_tender_mini_version.scanned_document_requirements.json
01:26:13 | INFO    | app.pipeline.runner.run_pipeline | [02_tender_mini_version.pdf] -> export_scanned_documents
01:26:13 | INFO    | app.pipeline.stages.stage_export_scanned_documents | [02_tender_mini_version.pdf] Wrote documents-to-be-scanned list -> C:\Users\hi\Desktop\projects\python_projects\tutorial\play_langchain_llamaindex_langgraph\TenderExtractor\output\02_tender_mini_version_scanned_document_requirements.xlsx
01:26:13 | INFO    | app.pipeline.runner.run_pipeline | [02_tender_mini_version.pdf] -> extract_terms_conditions
01:26:13 | INFO    | app.pipeline.stages.stage_extract_terms_conditions_data | [02_tender_mini_version.pdf] Using extracted 'terms and conditions' data found in cache: C:\Users\hi\Desktop\projects\python_projects\tutorial\play_langchain_llamaindex_langgraph\TenderExtractor\cache\02_tender_mini_version.terms_conditions.json
01:26:13 | INFO    | app.pipeline.runner.run_pipeline | [02_tender_mini_version.pdf] -> export_terms_conditions
01:26:13 | INFO    | app.pipeline.stages.stage_export_terms_conditions | [02_tender_mini_version.pdf] Wrote terms & conditions -> C:\Users\hi\Desktop\projects\python_projects\tutorial\play_langchain_llamaindex_langgraph\TenderExtractor\output\02_tender_mini_version_terms_conditions.xlsx
01:26:13 | INFO    | app.pipeline.runner.run_pipeline | [02_tender_mini_version.pdf] -> consolidate_all_excels
01:26:13 | INFO    | app.pipeline.stages.stage_consolidate_all_excels | [02_tender_mini_version.pdf] Wrote consolidated excel -> C:\Users\hi\Desktop\projects\python_projects\tutorial\play_langchain_llamaindex_langgraph\TenderExtractor\output\02_tender_mini_version.xlsx
01:26:13 | INFO    | app.pipeline.runner.run_pipeline | [02_tender_mini_version.pdf] pipeline completed -> None
01:26:13 | INFO    | __main__.main | Done: 1 succeeded, 0 failed.
